RN;SAT;Regiío;Estado;Latitude;Longitude;Alt.Orto. (H);Alt.Geom. (h);Ondula?ío (N) Conexío *;Ondula?ío (N) MAPGEO2015 **;Discrepüncias dif.Conexío_X_MAPGEO2015;Link do SAT no Banco de Dados
1190A;91327;CENTRO-OESTE;DISTRITO FEDERAL;-15,9788127;-47,8195672;1059,4979;1046,867;-12,63;-12,57;-0,06;http://www.bdg.ibge.gov.br/bdg/pdf/relatorio.asp?L1=91327
1190C;91329;CENTRO-OESTE;DISTRITO FEDERAL;-16,0197671;-47,8008205;882,4898;869,761;-12,73;-12,59;-0,14;http://www.bdg.ibge.gov.br/bdg/pdf/relatorio.asp?L1=91329
2194B;91319;CENTRO-OESTE;DISTRITO FEDERAL;-15,5633432;-47,6591913;1015,9372;1002,807;-13,13;-12,98;-0,15;http://www.bdg.ibge.gov.br/bdg/pdf/relatorio.asp?L1=91319
2194D;91320;CENTRO-OESTE;DISTRITO FEDERAL;-15,5304971;-47,625435;1037,8666;1024,758;-13,11;-13,08;-0,03;http://www.bdg.ibge.gov.br/bdg/pdf/relatorio.asp?L1=91320
2223M;91332;CENTRO-OESTE;DISTRITO FEDERAL;-15,9377468;-47,8075113;1041,0164;1028,741;-12,28;-12,58;0,3;http://www.bdg.ibge.gov.br/bdg/pdf/relatorio.asp?L1=91332
2223S;91326;CENTRO-OESTE;DISTRITO FEDERAL;-15,9479968;-47,7123234;1012,9521;1000,167;-12,79;-12,77;-0,02;http://www.bdg.ibge.gov.br/bdg/pdf/relatorio.asp?L1=91326
2223X;91316;CENTRO-OESTE;DISTRITO FEDERAL;-15,9603608;-47,6369519;963,8676;951,03;-12,84;-12,73;-0,11;http://www.bdg.ibge.gov.br/bdg/pdf/relatorio.asp?L1=91316
2224E;91318;CENTRO-OESTE;DISTRITO FEDERAL;-16,0246319;-47,5457596;1038,453;1025,616;-12,84;-12,79;-0,05;http://www.bdg.ibge.gov.br/bdg/pdf/relatorio.asp?L1=91318
2226G;91321;CENTRO-OESTE;DISTRITO FEDERAL;-15,8507793;-47,6240649;1048,3217;1035,494;-12,83;-12,76;-0,07;http://www.bdg.ibge.gov.br/bdg/pdf/relatorio.asp?L1=91321
2226N;91322;CENTRO-OESTE;DISTRITO FEDERAL;-15,7339082;-47,6616107;923,6838;910,795;-12,89;-12,79;-0,1;http://www.bdg.ibge.gov.br/bdg/pdf/relatorio.asp?L1=91322
2227C;91323;CENTRO-OESTE;DISTRITO FEDERAL;-16,0374104;-47,4139167;872,0277;859,058;-12,97;-12,84;-0,13;http://www.bdg.ibge.gov.br/bdg/pdf/relatorio.asp?L1=91323
2227P;91324;CENTRO-OESTE;DISTRITO FEDERAL;-15,7900531;-47,3805571;940,7088;927,563;-13,15;-12,99;-0,16;http://www.bdg.ibge.gov.br/bdg/pdf/relatorio.asp?L1=91324
2227Z;91325;CENTRO-OESTE;DISTRITO FEDERAL;-15,6289667;-47,3566289;918,8448;905,579;-13,27;-13,19;-0,08;http://www.bdg.ibge.gov.br/bdg/pdf/relatorio.asp?L1=91325
2263R;91330;CENTRO-OESTE;DISTRITO FEDERAL;-15,6938435;-48,216955;1076,3926;1064,109;-12,28;-12,27;-0,01;http://www.bdg.ibge.gov.br/bdg/pdf/relatorio.asp?L1=91330
2264G;91328;CENTRO-OESTE;DISTRITO FEDERAL;-15,556042;-48,1959684;940,2857;927,434;-12,85;-12,82;-0,03;http://www.bdg.ibge.gov.br/bdg/pdf/relatorio.asp?L1=91328
2369V;91200;CENTRO-OESTE;DISTRITO FEDERAL;-15,9474753;-47,877869;1118,4798;1106,018;-12,46;-12,46;0;http://www.bdg.ibge.gov.br/bdg/pdf/relatorio.asp?L1=91200
2378G;91166;CENTRO-OESTE;DISTRITO FEDERAL;-15,9478;-47,8769802;1113,6086;1101,08;-12,53;-12,46;-0,07;http://www.bdg.ibge.gov.br/bdg/pdf/relatorio.asp?L1=91166
2378H;91167;CENTRO-OESTE;DISTRITO FEDERAL;-15,9467634;-47,8786248;1108,2206;1095,701;-12,52;-12,45;-0,07;http://www.bdg.ibge.gov.br/bdg/pdf/relatorio.asp?L1=91167
2378J;91168;CENTRO-OESTE;DISTRITO FEDERAL;-15,9486497;-47,8781856;1115,7642;1103,236;-12,53;-12,45;-0,08;http://www.bdg.ibge.gov.br/bdg/pdf/relatorio.asp?L1=91168
2378L;91127;CENTRO-OESTE;DISTRITO FEDERAL;-15,9461897;-47,8842643;1102,4729;1090,005;-12,47;-12,44;-0,03;http://www.bdg.ibge.gov.br/bdg/pdf/relatorio.asp?L1=91127
9305U;91315;CENTRO-OESTE;DISTRITO FEDERAL;-15,7813644;-47,7906928;1072,5604;1059,904;-12,66;-12,59;-0,07;http://www.bdg.ibge.gov.br/bdg/pdf/relatorio.asp?L1=91315
9501V;96123;CENTRO-OESTE;DISTRITO FEDERAL;-15,9274337;-47,8337306;1168,3814;1155,874;-12,51;-12,53;0,02;http://www.bdg.ibge.gov.br/bdg/pdf/relatorio.asp?L1=96123
1236J;92840;CENTRO-OESTE;GOIÊÅS;-18,7697159;-51,3481388;481,3955;474,547;-6,85;-6,9;0,05;http://www.bdg.ibge.gov.br/bdg/pdf/relatorio.asp?L1=92840
1256H;91309;CENTRO-OESTE;GOIÊÅS;-15,8515438;-50,0923884;665,713;657,969;-7,74;-7,6;-0,14;http://www.bdg.ibge.gov.br/bdg/pdf/relatorio.asp?L1=91309
1256L;92846;CENTRO-OESTE;GOIÊÅS;-15,8051168;-50,1207568;523,1271;515,346;-7,78;-7,59;-0,19;http://www.bdg.ibge.gov.br/bdg/pdf/relatorio.asp?L1=92846
1282V;92848;CENTRO-OESTE;GOIÊÅS;-14,4931662;-50,0644913;416,984;407,44;-9,54;-9,65;0,11;http://www.bdg.ibge.gov.br/bdg/pdf/relatorio.asp?L1=92848
1287S;92842;CENTRO-OESTE;GOIÊÅS;-17,1284195;-51,2242959;851,1188;846,014;-5,1;-5,02;-0,08;http://www.bdg.ibge.gov.br/bdg/pdf/relatorio.asp?L1=92842
1288T;92841;CENTRO-OESTE;GOIÊÅS;-17,5745672;-51,0908541;807,189;801,734;-5,45;-5,3;-0,15;http://www.bdg.ibge.gov.br/bdg/pdf/relatorio.asp?L1=92841
1357V;92849;CENTRO-OESTE;GOIÊÅS;-13,2729941;-50,1625731;331,686;319,143;-12,54;-12,43;-0,11;http://www.bdg.ibge.gov.br/bdg/pdf/relatorio.asp?L1=92849
2269L;92603;CENTRO-OESTE;GOIÊÅS;-14,181619;-48,076216;495,0596;479,786;-15,27;-15,2;-0,07;http://www.bdg.ibge.gov.br/bdg/pdf/relatorio.asp?L1=92603
2269M;92602;CENTRO-OESTE;GOIÊÅS;-14,160942;-48,075583;535,3635;520,118;-15,25;-15,18;-0,07;http://www.bdg.ibge.gov.br/bdg/pdf/relatorio.asp?L1=92602
2326G;92613;CENTRO-OESTE;GOIÊÅS;-16,6901934;-49,2534493;800,9625;791,146;-9,82;-9,59;-0,23;http://www.bdg.ibge.gov.br/bdg/pdf/relatorio.asp?L1=92613
3200V;92858;CENTRO-OESTE;GOIÊÅS;-16,9311748;-48,3707941;957,488;946,032;-11,46;-11,34;-0,12;http://www.bdg.ibge.gov.br/bdg/pdf/relatorio.asp?L1=92858
3254X;92604;CENTRO-OESTE;GOIÊÅS;-13,7312729;-48,1401703;333,3172;318,692;-14,63;-14,46;-0,17;http://www.bdg.ibge.gov.br/bdg/pdf/relatorio.asp?L1=92604
3254Z;92622;CENTRO-OESTE;GOIÊÅS;-13,8860227;-48,1507703;702,433;687,819;-14,61;-14,52;-0,09;http://www.bdg.ibge.gov.br/bdg/pdf/relatorio.asp?L1=92622
3261L;92713;CENTRO-OESTE;GOIÊÅS;-18,3884081;-49,0687673;523,3435;511,929;-11,41;-11,22;-0,19;http://www.bdg.ibge.gov.br/bdg/pdf/relatorio.asp?L1=92713
651J;92839;CENTRO-OESTE;GOIÊÅS;-18,2165898;-49,7374279;630,4158;621,797;-8,62;-8,6;-0,02;http://www.bdg.ibge.gov.br/bdg/pdf/relatorio.asp?L1=92839
663Z;92620;CENTRO-OESTE;GOIÊÅS;-14,527108;-49,105316;527,6151;515,362;-12,25;-12,22;-0,03;http://www.bdg.ibge.gov.br/bdg/pdf/relatorio.asp?L1=92620
674V;92861;CENTRO-OESTE;GOIÊÅS;-13,4352651;-49,1445341;397,064;384,915;-12,15;-12,02;-0,13;http://www.bdg.ibge.gov.br/bdg/pdf/relatorio.asp?L1=92861
700H;92844;CENTRO-OESTE;GOIÊÅS;-15,8644467;-50,8691884;322,2599;315,915;-6,34;-6,15;-0,19;http://www.bdg.ibge.gov.br/bdg/pdf/relatorio.asp?L1=92844
701Z;92845;CENTRO-OESTE;GOIÊÅS;-15,9338721;-50,1400324;490,3529;482,844;-7,51;-7,32;-0,19;http://www.bdg.ibge.gov.br/bdg/pdf/relatorio.asp?L1=92845
708E;92838;CENTRO-OESTE;GOIÊÅS;-17,1499275;-50,017456;597,3262;589,237;-8,09;-7,85;-0,24;http://www.bdg.ibge.gov.br/bdg/pdf/relatorio.asp?L1=92838
717Z;92843;CENTRO-OESTE;GOIÊÅS;-17,3572168;-52,679413;858,4669;855,003;-3,46;-3,28;-0,18;http://www.bdg.ibge.gov.br/bdg/pdf/relatorio.asp?L1=92843
1045V;92817;CENTRO-OESTE;MATO GROSSO;-15,6589788;-57,2704588;205,4987;210,809;5,31;5,35;-0,04;http://www.bdg.ibge.gov.br/bdg/pdf/relatorio.asp?L1=92817
1202K;92722;CENTRO-OESTE;MATO GROSSO;-17,09718;-54,760817;475,4488;477,443;1,99;1,67;0,32;http://www.bdg.ibge.gov.br/bdg/pdf/relatorio.asp?L1=92722
1215Z;90404;CENTRO-OESTE;MATO GROSSO;-10,185202;-54,945859;292,5947;283,022;-9,57;-9,99;0,42;http://www.bdg.ibge.gov.br/bdg/pdf/relatorio.asp?L1=90404
1220P;90295;CENTRO-OESTE;MATO GROSSO;-12,6728393;-55,7943447;322,027;319,193;-2,83;-2,62;-0,21;http://www.bdg.ibge.gov.br/bdg/pdf/relatorio.asp?L1=90295
1225B;92803;CENTRO-OESTE;MATO GROSSO;-15,4825401;-52,2031307;319,3291;314,148;-5,18;-5,08;-0,1;http://www.bdg.ibge.gov.br/bdg/pdf/relatorio.asp?L1=92803
1268V;92805;CENTRO-OESTE;MATO GROSSO;-11,762609;-51,961458;361,4682;349,278;-12,19;-11,86;-0,33;http://www.bdg.ibge.gov.br/bdg/pdf/relatorio.asp?L1=92805
1273L;92806;CENTRO-OESTE;MATO GROSSO;-10,5446818;-53,5831038;335,3922;323,324;-12,07;-11,8;-0,27;http://www.bdg.ibge.gov.br/bdg/pdf/relatorio.asp?L1=92806
1279N;91340;CENTRO-OESTE;MATO GROSSO;-11,532244;-56,757964;313,199;308,86;-4,34;-4;-0,34;http://www.bdg.ibge.gov.br/bdg/pdf/relatorio.asp?L1=91340
2197J;92802;CENTRO-OESTE;MATO GROSSO;-15,7553217;-53,6179384;610,7817;607,358;-3,42;-3,26;-0,16;http://www.bdg.ibge.gov.br/bdg/pdf/relatorio.asp?L1=92802
2222C;92813;CENTRO-OESTE;MATO GROSSO;-15,339169;-58,869826;366,6954;379,356;12,66;12,49;0,17;http://www.bdg.ibge.gov.br/bdg/pdf/relatorio.asp?L1=92813
2229R;91343;CENTRO-OESTE;MATO GROSSO;-13,6589473;-57,8914344;568,7417;575,618;6,88;6,78;0,1;http://www.bdg.ibge.gov.br/bdg/pdf/relatorio.asp?L1=91343
2231H;92815;CENTRO-OESTE;MATO GROSSO;-12,91912;-58,04651;475,036;481,374;6,34;6,33;0,01;http://www.bdg.ibge.gov.br/bdg/pdf/relatorio.asp?L1=92815
2234T;91345;CENTRO-OESTE;MATO GROSSO;-11,581004;-58,330561;277,8662;281,742;3,88;3,71;0,17;http://www.bdg.ibge.gov.br/bdg/pdf/relatorio.asp?L1=91345
2236Z;91346;CENTRO-OESTE;MATO GROSSO;-11,62834;-59,077742;369,1529;376,359;7,21;6,72;0,49;http://www.bdg.ibge.gov.br/bdg/pdf/relatorio.asp?L1=91346
2238E;92814;CENTRO-OESTE;MATO GROSSO;-11,988765;-59,42792;394,4884;404,088;9,6;9,62;-0,02;http://www.bdg.ibge.gov.br/bdg/pdf/relatorio.asp?L1=92814
2250L;92811;CENTRO-OESTE;MATO GROSSO;-15,0780091;-55,9948593;417,9485;418,466;0,52;0,83;-0,31;http://www.bdg.ibge.gov.br/bdg/pdf/relatorio.asp?L1=92811
3278H;92586;CENTRO-OESTE;MATO GROSSO;-15,5542953;-56,0688301;222,7995;224,893;2,09;2,22;-0,13;http://www.bdg.ibge.gov.br/bdg/pdf/relatorio.asp?L1=92586
3278J;92587;CENTRO-OESTE;MATO GROSSO;-15,5550094;-56,0706384;226,112;228,21;2,1;2,22;-0,12;http://www.bdg.ibge.gov.br/bdg/pdf/relatorio.asp?L1=92587
3278L;92588;CENTRO-OESTE;MATO GROSSO;-15,5559585;-56,0702852;230,542;232,563;2,02;2,23;-0,21;http://www.bdg.ibge.gov.br/bdg/pdf/relatorio.asp?L1=92588
3278M;92583;CENTRO-OESTE;MATO GROSSO;-15,555263;-56,0698666;235,3441;237,443;2,1;2,22;-0,12;http://www.bdg.ibge.gov.br/bdg/pdf/relatorio.asp?L1=92583
3278N;92584;CENTRO-OESTE;MATO GROSSO;-15,5508491;-56,0558676;250,891;252,937;2,05;2,18;-0,13;http://www.bdg.ibge.gov.br/bdg/pdf/relatorio.asp?L1=92584
724T;92818;CENTRO-OESTE;MATO GROSSO;-16,1901133;-54,7846319;293,9486;293,573;-0,38;-0,23;-0,15;http://www.bdg.ibge.gov.br/bdg/pdf/relatorio.asp?L1=92818
748G;92816;CENTRO-OESTE;MATO GROSSO;-14,4472217;-58,4211914;716,2459;727,158;10,91;10,88;0,03;http://www.bdg.ibge.gov.br/bdg/pdf/relatorio.asp?L1=92816
751B;91348;CENTRO-OESTE;MATO GROSSO;-14,0771718;-59,436271;642,4889;656,875;14,39;14,25;0,14;http://www.bdg.ibge.gov.br/bdg/pdf/relatorio.asp?L1=91348
9517B;91255;CENTRO-OESTE;MATO GROSSO;-13,8465854;-59,5563607;632,0236;645,808;13,78;13,9;-0,12;http://www.bdg.ibge.gov.br/bdg/pdf/relatorio.asp?L1=91255
1207X;91294;CENTRO-OESTE;MATO GROSSO DO SUL;-19,7916007;-54,3674329;619,2313;619,951;0,72;0,97;-0,25;http://www.bdg.ibge.gov.br/bdg/pdf/relatorio.asp?L1=91294
1247J;91308;CENTRO-OESTE;MATO GROSSO DO SUL;-21,839886;-52,6732029;352,6256;348,949;-3,68;-3,59;-0,09;http://www.bdg.ibge.gov.br/bdg/pdf/relatorio.asp?L1=91308
1249E;91307;CENTRO-OESTE;MATO GROSSO DO SUL;-21,6232648;-53,6517208;403,3889;401,315;-2,07;-1,88;-0,19;http://www.bdg.ibge.gov.br/bdg/pdf/relatorio.asp?L1=91307
1501B;91288;CENTRO-OESTE;MATO GROSSO DO SUL;-20,0519893;-51,8461119;481,8331;475,342;-6,49;-6,27;-0,22;http://www.bdg.ibge.gov.br/bdg/pdf/relatorio.asp?L1=91288
1505J;91290;CENTRO-OESTE;MATO GROSSO DO SUL;-19,616084;-52,509999;379,1061;373,252;-5,85;-5,57;-0,28;http://www.bdg.ibge.gov.br/bdg/pdf/relatorio.asp?L1=91290
1507H;91297;CENTRO-OESTE;MATO GROSSO DO SUL;-18,8388303;-53,1363225;716,3644;712,881;-3,48;-3,43;-0,05;http://www.bdg.ibge.gov.br/bdg/pdf/relatorio.asp?L1=91297
1513J;91292;CENTRO-OESTE;MATO GROSSO DO SUL;-19,7125195;-55,4112171;138,6258;144,259;5,63;5,68;-0,05;http://www.bdg.ibge.gov.br/bdg/pdf/relatorio.asp?L1=91292
1514C;91293;CENTRO-OESTE;MATO GROSSO DO SUL;-20,0622463;-55,6364253;152,0943;158,582;6,49;6,59;-0,1;http://www.bdg.ibge.gov.br/bdg/pdf/relatorio.asp?L1=91293
1518J;91301;CENTRO-OESTE;MATO GROSSO DO SUL;-21,6308651;-55,569669;562,9441;569,769;6,82;6,82;0;http://www.bdg.ibge.gov.br/bdg/pdf/relatorio.asp?L1=91301
1520C;91299;CENTRO-OESTE;MATO GROSSO DO SUL;-21,6929126;-54,7075688;384,4296;386,637;2,21;2,22;-0,01;http://www.bdg.ibge.gov.br/bdg/pdf/relatorio.asp?L1=91299
1531Z;91306;CENTRO-OESTE;MATO GROSSO DO SUL;-22,3692596;-54,2089737;435,6806;435,734;0,05;0,31;-0,26;http://www.bdg.ibge.gov.br/bdg/pdf/relatorio.asp?L1=91306
1535L;91302;CENTRO-OESTE;MATO GROSSO DO SUL;-22,4706279;-55,400953;573,3569;579,989;6,63;6,59;0,04;http://www.bdg.ibge.gov.br/bdg/pdf/relatorio.asp?L1=91302
1538M;92797;CENTRO-OESTE;MATO GROSSO DO SUL;-22,4558418;-54,8404471;415,8753;419,118;3,24;3,43;-0,19;http://www.bdg.ibge.gov.br/bdg/pdf/relatorio.asp?L1=92797
1540J;92798;CENTRO-OESTE;MATO GROSSO DO SUL;-23,2214146;-55,2073434;452,6887;457,982;5,29;5,37;-0,08;http://www.bdg.ibge.gov.br/bdg/pdf/relatorio.asp?L1=92798
1540V;91303;CENTRO-OESTE;MATO GROSSO DO SUL;-23,4575066;-55,158689;414,0445;419,045;5;5,05;-0,05;http://www.bdg.ibge.gov.br/bdg/pdf/relatorio.asp?L1=91303
1549G;92801;CENTRO-OESTE;MATO GROSSO DO SUL;-23,7575801;-54,3060214;340,5944;343,006;2,41;2,53;-0,12;http://www.bdg.ibge.gov.br/bdg/pdf/relatorio.asp?L1=92801
1557E;91298;CENTRO-OESTE;MATO GROSSO DO SUL;-20,7296133;-56,6278922;398,0049;409,997;11,99;11,88;0,11;http://www.bdg.ibge.gov.br/bdg/pdf/relatorio.asp?L1=91298
1561R;92799;CENTRO-OESTE;MATO GROSSO DO SUL;-23,6759591;-55,3945529;343,2917;349,418;6,13;6,14;-0,01;http://www.bdg.ibge.gov.br/bdg/pdf/relatorio.asp?L1=92799
1563E;92800;CENTRO-OESTE;MATO GROSSO DO SUL;-23,9795908;-55,0403344;418,4996;423,764;5,26;5,26;0;http://www.bdg.ibge.gov.br/bdg/pdf/relatorio.asp?L1=92800
1564T;91304;CENTRO-OESTE;MATO GROSSO DO SUL;-23,5345678;-54,395352;364,7957;366,869;2,07;2,19;-0,12;http://www.bdg.ibge.gov.br/bdg/pdf/relatorio.asp?L1=91304
1571H;91305;CENTRO-OESTE;MATO GROSSO DO SUL;-22,6395328;-54,0414466;382,6504;382,206;-0,44;-0,31;-0,13;http://www.bdg.ibge.gov.br/bdg/pdf/relatorio.asp?L1=91305
2258B;92723;CENTRO-OESTE;MATO GROSSO DO SUL;-18,1792446;-54,6376302;336,3815;337,581;1,2;1,45;-0,25;http://www.bdg.ibge.gov.br/bdg/pdf/relatorio.asp?L1=92723
2259D;91296;CENTRO-OESTE;MATO GROSSO DO SUL;-17,982899;-54,2264082;381,0665;380,334;-0,73;-0,57;-0,16;http://www.bdg.ibge.gov.br/bdg/pdf/relatorio.asp?L1=91296
255X;91289;CENTRO-OESTE;MATO GROSSO DO SUL;-20,5554049;-52,4999399;323,0012;317,679;-5,32;-5,09;-0,23;http://www.bdg.ibge.gov.br/bdg/pdf/relatorio.asp?L1=91289
258Y;91291;CENTRO-OESTE;MATO GROSSO DO SUL;-20,4291822;-55,3191999;194,6976;199,593;4,9;4,76;0,14;http://www.bdg.ibge.gov.br/bdg/pdf/relatorio.asp?L1=91291
3287D;92725;CENTRO-OESTE;MATO GROSSO DO SUL;-19,0002814;-57,6296147;142,8603;156,591;13,73;13,81;-0,08;http://www.bdg.ibge.gov.br/bdg/pdf/relatorio.asp?L1=92725
2483A;96514;NORDESTE;ALAGOAS;-9,7606541;-36,5067529;194,2789;186,652;-7,63;-7,83;0,2;http://www.bdg.ibge.gov.br/bdg/pdf/relatorio.asp?L1=96514
2515Z;96513;NORDESTE;ALAGOAS;-9,5197849;-36,9875975;190,4478;181,969;-8,48;-8,54;0,06;http://www.bdg.ibge.gov.br/bdg/pdf/relatorio.asp?L1=96513
2522M;93242;NORDESTE;ALAGOAS;-9,3867758;-37,9913943;233,1572;222,872;-10,29;-10,3;0,01;http://www.bdg.ibge.gov.br/bdg/pdf/relatorio.asp?L1=93242
2539X;93243;NORDESTE;ALAGOAS;-9,1375759;-37,3153682;396,1662;387,866;-8,3;-8,44;0,14;http://www.bdg.ibge.gov.br/bdg/pdf/relatorio.asp?L1=93243
1168C;93248;NORDESTE;BAHIA;-15,2419476;-40,3270233;328,3184;318,358;-9,96;-10,07;0,11;http://www.bdg.ibge.gov.br/bdg/pdf/relatorio.asp?L1=93248
1184N;93077;NORDESTE;BAHIA;-14,2035484;-42,757668;542,647;529,641;-13,01;-12,93;-0,08;http://www.bdg.ibge.gov.br/bdg/pdf/relatorio.asp?L1=93077
1184V;93078;NORDESTE;BAHIA;-14,2158143;-42,8431819;508,0783;495,124;-12,95;-12,95;0;http://www.bdg.ibge.gov.br/bdg/pdf/relatorio.asp?L1=93078
1369E;93264;NORDESTE;BAHIA;-12,7935782;-45,9517289;761,007;747,183;-13,82;-13,79;-0,03;http://www.bdg.ibge.gov.br/bdg/pdf/relatorio.asp?L1=93264
2295G;93263;NORDESTE;BAHIA;-13,4124647;-44,7209567;713,497;701,434;-12,06;-12,08;0,02;http://www.bdg.ibge.gov.br/bdg/pdf/relatorio.asp?L1=93263
2295R;93080;NORDESTE;BAHIA;-13,341405;-44,6372649;569,679;557,382;-12,3;-12,26;-0,04;http://www.bdg.ibge.gov.br/bdg/pdf/relatorio.asp?L1=93080
2300H;93266;NORDESTE;BAHIA;-12,7091994;-44,5658912;775,8569;762,297;-13,56;-13,47;-0,09;http://www.bdg.ibge.gov.br/bdg/pdf/relatorio.asp?L1=93266
2302R;93083;NORDESTE;BAHIA;-12,1649782;-45,0086262;444,3081;429,295;-15,01;-14,91;-0,1;http://www.bdg.ibge.gov.br/bdg/pdf/relatorio.asp?L1=93083
2303H;93265;NORDESTE;BAHIA;-12,430357;-45,084385;524,7628;511,219;-13,54;-14,01;0,47;http://www.bdg.ibge.gov.br/bdg/pdf/relatorio.asp?L1=93265
232O;93289;NORDESTE;BAHIA;-14,1200692;-40,2301735;298,4745;288,947;-9,53;-9,68;0,15;http://www.bdg.ibge.gov.br/bdg/pdf/relatorio.asp?L1=93289
2361E;93285;NORDESTE;BAHIA;-12,98414;-44,0492014;531,8772;518,057;-13,82;-13,78;-0,04;http://www.bdg.ibge.gov.br/bdg/pdf/relatorio.asp?L1=93285
2501Z;93124;NORDESTE;BAHIA;-10,535493;-38,384022;430,2478;415,919;-14,33;-14,13;-0,2;http://www.bdg.ibge.gov.br/bdg/pdf/relatorio.asp?L1=93124
2556A;93135;NORDESTE;BAHIA;-11,5560898;-38,133931;168,8963;157,083;-11,81;-11,78;-0,03;http://www.bdg.ibge.gov.br/bdg/pdf/relatorio.asp?L1=93135
2558X;93305;NORDESTE;BAHIA;-11,9589688;-37,9530835;84,4796;73,953;-10,53;-10,42;-0,11;http://www.bdg.ibge.gov.br/bdg/pdf/relatorio.asp?L1=93305
2560A;93131;NORDESTE;BAHIA;-12,165413;-38,475768;220,4495;208,289;-12,16;-11,98;-0,18;http://www.bdg.ibge.gov.br/bdg/pdf/relatorio.asp?L1=93131
2561L;93125;NORDESTE;BAHIA;-10,7011982;-38,1989951;252,5942;239,774;-12,82;-12,59;-0,23;http://www.bdg.ibge.gov.br/bdg/pdf/relatorio.asp?L1=93125
2564D;93136;NORDESTE;BAHIA;-11,6261229;-38,3013549;274,2727;261,286;-12,99;-12,78;-0,21;http://www.bdg.ibge.gov.br/bdg/pdf/relatorio.asp?L1=93136
2567P;93138;NORDESTE;BAHIA;-12,6509431;-38,3387953;53,7121;42,342;-11,37;-11,24;-0,13;http://www.bdg.ibge.gov.br/bdg/pdf/relatorio.asp?L1=93138
2576S;93130;NORDESTE;BAHIA;-11,6757042;-38,9961985;344,1188;332,095;-12,02;-12;-0,02;http://www.bdg.ibge.gov.br/bdg/pdf/relatorio.asp?L1=93130
2577M;93129;NORDESTE;BAHIA;-12,0739443;-38,9696408;241,3761;229,845;-11,53;-11,48;-0,05;http://www.bdg.ibge.gov.br/bdg/pdf/relatorio.asp?L1=93129
2605N;93119;NORDESTE;BAHIA;-10,5608273;-38,9900793;395,727;382,892;-12,84;-12,72;-0,11;http://www.bdg.ibge.gov.br/bdg/pdf/relatorio.asp?L1=93119
263X;93302;NORDESTE;BAHIA;-15,0982211;-39,9958874;246,7948;236,51;-10,28;-10,38;0,1;http://www.bdg.ibge.gov.br/bdg/pdf/relatorio.asp?L1=93302
2719N;93092;NORDESTE;BAHIA;-9,4101911;-40,8163392;400,662;387,001;-13,66;-13,58;-0,08;http://www.bdg.ibge.gov.br/bdg/pdf/relatorio.asp?L1=93092
2719P;93093;NORDESTE;BAHIA;-9,4294855;-40,8266698;399,0217;385,339;-13,68;-13,61;-0,07;http://www.bdg.ibge.gov.br/bdg/pdf/relatorio.asp?L1=93093
2719X;93091;NORDESTE;BAHIA;-9,4896271;-40,808191;381,8828;368,203;-13,68;-13,57;-0,11;http://www.bdg.ibge.gov.br/bdg/pdf/relatorio.asp?L1=93091
2720V;93089;NORDESTE;BAHIA;-9,4701429;-40,54451;374,2487;361,041;-13,21;-13,08;-0,13;http://www.bdg.ibge.gov.br/bdg/pdf/relatorio.asp?L1=93089
2774S;93268;NORDESTE;BAHIA;-10,8714528;-45,1451296;532,6981;516,199;-16,5;-16,33;-0,17;http://www.bdg.ibge.gov.br/bdg/pdf/relatorio.asp?L1=93268
2776N;93267;NORDESTE;BAHIA;-11,502677;-44,957125;505,2625;488,085;-17,18;-16,96;-0,22;http://www.bdg.ibge.gov.br/bdg/pdf/relatorio.asp?L1=93267
278H;93304;NORDESTE;BAHIA;-12,1346806;-39,3381197;245,2172;234,074;-11,14;-11,24;0,1;http://www.bdg.ibge.gov.br/bdg/pdf/relatorio.asp?L1=93304
2792B;93253;NORDESTE;BAHIA;-10,665878;-39,5183271;370,7654;358,621;-12,14;-12,21;0,07;http://www.bdg.ibge.gov.br/bdg/pdf/relatorio.asp?L1=93253
2796G;93280;NORDESTE;BAHIA;-10,2360891;-40,2039409;674,8515;662,743;-12,11;-12,1;-0,01;http://www.bdg.ibge.gov.br/bdg/pdf/relatorio.asp?L1=93280
285C;93288;NORDESTE;BAHIA;-13,5949831;-41,3673194;1161,1113;1149,856;-11,26;-11,4;0,14;http://www.bdg.ibge.gov.br/bdg/pdf/relatorio.asp?L1=93288
289S;93308;NORDESTE;BAHIA;-11,1703175;-40,5412291;467,8062;455,701;-12,11;-12,05;-0,06;http://www.bdg.ibge.gov.br/bdg/pdf/relatorio.asp?L1=93308
296X;93127;NORDESTE;BAHIA;-10,8926479;-38,5099616;209,7491;194,877;-14,87;-14,82;-0,05;http://www.bdg.ibge.gov.br/bdg/pdf/relatorio.asp?L1=93127
310N;93281;NORDESTE;BAHIA;-11,05944;-42,310874;459,5591;443,603;-15,96;-15,56;-0,4;http://www.bdg.ibge.gov.br/bdg/pdf/relatorio.asp?L1=93281
314D;93122;NORDESTE;BAHIA;-9,9362676;-38,7482038;321,4322;308,807;-12,63;-12,43;-0,2;http://www.bdg.ibge.gov.br/bdg/pdf/relatorio.asp?L1=93122
317B;93126;NORDESTE;BAHIA;-10,2007593;-37,8673678;250,9831;240,734;-10,25;-10,27;0,02;http://www.bdg.ibge.gov.br/bdg/pdf/relatorio.asp?L1=93126
317T;93123;NORDESTE;BAHIA;-10,0851945;-38,2827524;255,9183;243,867;-12,05;-11,97;-0,08;http://www.bdg.ibge.gov.br/bdg/pdf/relatorio.asp?L1=93123
3266V;93249;NORDESTE;BAHIA;-15,9664204;-39,5265592;179,8408;170,743;-9,1;-9,2;0,1;http://www.bdg.ibge.gov.br/bdg/pdf/relatorio.asp?L1=93249
3272G;93250;NORDESTE;BAHIA;-17,0264772;-39,5400086;130,697;121,869;-8,83;-8,96;0,13;http://www.bdg.ibge.gov.br/bdg/pdf/relatorio.asp?L1=93250
3277H;93251;NORDESTE;BAHIA;-18,0774283;-39,5453923;4,6347;-3,313;-7,95;-8,09;0,14;http://www.bdg.ibge.gov.br/bdg/pdf/relatorio.asp?L1=93251
342Y;93120;NORDESTE;BAHIA;-9,8507259;-39,1432009;411,8941;400,25;-11,64;-11,67;0,03;http://www.bdg.ibge.gov.br/bdg/pdf/relatorio.asp?L1=93120
3600J;93134;NORDESTE;BAHIA;-12,9745676;-39,2250972;201,9346;190,702;-11,23;-11,16;-0,07;http://www.bdg.ibge.gov.br/bdg/pdf/relatorio.asp?L1=93134
3606R;93190;NORDESTE;BAHIA;-12,2169064;-37,8324808;28,4003;18,096;-10,3;-10,28;-0,02;http://www.bdg.ibge.gov.br/bdg/pdf/relatorio.asp?L1=93190
3608E;93306;NORDESTE;BAHIA;-11,82045;-37,6353044;20,8153;10,483;-10,33;-10,23;-0,1;http://www.bdg.ibge.gov.br/bdg/pdf/relatorio.asp?L1=93306
3614A;91312;NORDESTE;BAHIA;-14,2172134;-39,3160122;122,5946;113,844;-8,75;-8,75;0;http://www.bdg.ibge.gov.br/bdg/pdf/relatorio.asp?L1=91312
3616N;93247;NORDESTE;BAHIA;-13,640456;-39,487434;271,6855;261,345;-10,34;-10,23;-0,11;http://www.bdg.ibge.gov.br/bdg/pdf/relatorio.asp?L1=93247
3618C;93097;NORDESTE;BAHIA;-12,8919745;-38,3159761;16,3572;5,718;-10,64;-10,72;0,08;http://www.bdg.ibge.gov.br/bdg/pdf/relatorio.asp?L1=93097
3618F;93098;NORDESTE;BAHIA;-12,8984334;-38,2972217;2,4353;-8,216;-10,65;-10,71;0,06;http://www.bdg.ibge.gov.br/bdg/pdf/relatorio.asp?L1=93098
3618G;93099;NORDESTE;BAHIA;-12,9059635;-38,3032208;2,883;-7,779;-10,66;-10,73;0,07;http://www.bdg.ibge.gov.br/bdg/pdf/relatorio.asp?L1=93099
3619D;93101;NORDESTE;BAHIA;-12,9603128;-38,3966098;5,8578;-4,805;-10,66;-10,84;0,18;http://www.bdg.ibge.gov.br/bdg/pdf/relatorio.asp?L1=93101
3619F;93102;NORDESTE;BAHIA;-12,9686387;-38,4106762;15,2062;4,495;-10,71;-10,84;0,13;http://www.bdg.ibge.gov.br/bdg/pdf/relatorio.asp?L1=93102
3619M;93103;NORDESTE;BAHIA;-12,9910896;-38,4399821;4,3344;-6,46;-10,79;-10,84;0,05;http://www.bdg.ibge.gov.br/bdg/pdf/relatorio.asp?L1=93103
3619N;93104;NORDESTE;BAHIA;-12,9982313;-38,4461945;5,8223;-5,043;-10,87;-10,85;-0,02;http://www.bdg.ibge.gov.br/bdg/pdf/relatorio.asp?L1=93104
3620A;93105;NORDESTE;BAHIA;-13,0112491;-38,5079813;3,3538;-7,552;-10,91;-10,91;0;http://www.bdg.ibge.gov.br/bdg/pdf/relatorio.asp?L1=93105
3620C;93036;NORDESTE;BAHIA;-13,0082727;-38,5116853;47,0685;36,18;-10,89;-10,91;0,02;http://www.bdg.ibge.gov.br/bdg/pdf/relatorio.asp?L1=93036
3620D;93111;NORDESTE;BAHIA;-13,0086699;-38,5123591;46,647;35,755;-10,89;-10,91;0,02;http://www.bdg.ibge.gov.br/bdg/pdf/relatorio.asp?L1=93111
3620G;93106;NORDESTE;BAHIA;-13,0108293;-38,5239023;24,7149;13,859;-10,86;-10,93;0,07;http://www.bdg.ibge.gov.br/bdg/pdf/relatorio.asp?L1=93106
3620S;93107;NORDESTE;BAHIA;-12,9740034;-38,5145694;2,9334;-8,016;-10,95;-10,93;-0,02;http://www.bdg.ibge.gov.br/bdg/pdf/relatorio.asp?L1=93107
3620V;93109;NORDESTE;BAHIA;-12,9230627;-38,3601638;19,2094;8,737;-10,47;-10,8;0,33;http://www.bdg.ibge.gov.br/bdg/pdf/relatorio.asp?L1=93109
3621L;93112;NORDESTE;BAHIA;-12,9496288;-38,4321681;61,6741;51,031;-10,64;-10,78;0,14;http://www.bdg.ibge.gov.br/bdg/pdf/relatorio.asp?L1=93112
3621N;93117;NORDESTE;BAHIA;-12,95492;-38,428655;38,5535;27,404;-11,15;-10,78;-0,37;http://www.bdg.ibge.gov.br/bdg/pdf/relatorio.asp?L1=93117
3622D;93115;NORDESTE;BAHIA;-12,9775918;-38,502569;43,7586;32,914;-10,84;-10,9;0,06;http://www.bdg.ibge.gov.br/bdg/pdf/relatorio.asp?L1=93115
3622H;93108;NORDESTE;BAHIA;-12,9206071;-38,3535872;29,6562;18,857;-10,8;-10,79;-0,01;http://www.bdg.ibge.gov.br/bdg/pdf/relatorio.asp?L1=93108
3623Z;93032;NORDESTE;BAHIA;-13,2983001;-43,7403946;462,2311;448,28;-13,95;-13,89;-0,06;http://www.bdg.ibge.gov.br/bdg/pdf/relatorio.asp?L1=93032
3627U;93286;NORDESTE;BAHIA;-13,6096438;-42,9410015;627,2051;613,252;-13,95;-13,99;0,04;http://www.bdg.ibge.gov.br/bdg/pdf/relatorio.asp?L1=93286
3628V;93287;NORDESTE;BAHIA;-13,7686736;-42,7210528;772,5895;759,035;-13,55;-13,62;0,07;http://www.bdg.ibge.gov.br/bdg/pdf/relatorio.asp?L1=93287
3630V;93194;NORDESTE;BAHIA;-12,9738338;-38,517402;1,8088;-9,057;-10,87;-10,94;0,07;http://www.bdg.ibge.gov.br/bdg/pdf/relatorio.asp?L1=93194
3636S;93189;NORDESTE;BAHIA;-12,9462672;-38,4228761;46,6058;35,947;-10,66;-10,8;0,14;http://www.bdg.ibge.gov.br/bdg/pdf/relatorio.asp?L1=93189
3640A;93195;NORDESTE;BAHIA;-12,9738984;-38,5172499;2,2087;-8,661;-10,87;-10,94;0,07;http://www.bdg.ibge.gov.br/bdg/pdf/relatorio.asp?L1=93195
3643X;93279;NORDESTE;BAHIA;-10,8375283;-40,1129166;349,778;337,479;-12,3;-12,24;-0,06;http://www.bdg.ibge.gov.br/bdg/pdf/relatorio.asp?L1=93279
3645T;93255;NORDESTE;BAHIA;-11,3626337;-40,0135401;404,0854;392,406;-11,68;-11,7;0,02;http://www.bdg.ibge.gov.br/bdg/pdf/relatorio.asp?L1=93255
3648M;93252;NORDESTE;BAHIA;-11,7967665;-39,4105866;221,8004;210,399;-11,4;-11,46;0,06;http://www.bdg.ibge.gov.br/bdg/pdf/relatorio.asp?L1=93252
3650S;93188;NORDESTE;BAHIA;-12,2392359;-38,9797852;240,4793;229,039;-11,44;-11,46;0,02;http://www.bdg.ibge.gov.br/bdg/pdf/relatorio.asp?L1=93188
3654M;93303;NORDESTE;BAHIA;-14,2096737;-42,0894528;648,2169;634,617;-13,6;-13,53;-0,07;http://www.bdg.ibge.gov.br/bdg/pdf/relatorio.asp?L1=93303
3659D;93272;NORDESTE;BAHIA;-14,5961249;-41,2394554;440,4643;428,51;-11,95;-11,89;-0,06;http://www.bdg.ibge.gov.br/bdg/pdf/relatorio.asp?L1=93272
3659J;93271;NORDESTE;BAHIA;-14,6014685;-41,1626376;410,434;398,62;-11,81;-11,71;-0,1;http://www.bdg.ibge.gov.br/bdg/pdf/relatorio.asp?L1=93271
3659V;93273;NORDESTE;BAHIA;-14,5575637;-41,1555372;437,9968;426,05;-11,95;-11,85;-0,1;http://www.bdg.ibge.gov.br/bdg/pdf/relatorio.asp?L1=93273
3660G;93274;NORDESTE;BAHIA;-14,4028071;-41,1148744;414,1169;401,85;-12,27;-12,11;-0,16;http://www.bdg.ibge.gov.br/bdg/pdf/relatorio.asp?L1=93274
3660P;93275;NORDESTE;BAHIA;-14,3028851;-41,150379;406,0272;393,53;-12,5;-12,39;-0,11;http://www.bdg.ibge.gov.br/bdg/pdf/relatorio.asp?L1=93275
3660X;93276;NORDESTE;BAHIA;-14,2058803;-41,2073141;341,1736;328,43;-12,74;-12,54;-0,2;http://www.bdg.ibge.gov.br/bdg/pdf/relatorio.asp?L1=93276
3661H;93277;NORDESTE;BAHIA;-14,0804289;-41,1865339;379,3618;366,8;-12,56;-12,5;-0,06;http://www.bdg.ibge.gov.br/bdg/pdf/relatorio.asp?L1=93277
3661R;93278;NORDESTE;BAHIA;-13,990166;-41,1367571;348,6449;336,21;-12,43;-12,3;-0,13;http://www.bdg.ibge.gov.br/bdg/pdf/relatorio.asp?L1=93278
3662B;93290;NORDESTE;BAHIA;-13,8508161;-41,0643108;372,064;359,84;-12,22;-12,08;-0,14;http://www.bdg.ibge.gov.br/bdg/pdf/relatorio.asp?L1=93290
3662R;93291;NORDESTE;BAHIA;-13,7258124;-40,9789985;413,9876;401,95;-12,04;-11,92;-0,12;http://www.bdg.ibge.gov.br/bdg/pdf/relatorio.asp?L1=93291
3662X;93292;NORDESTE;BAHIA;-13,6805144;-40,9103314;435,1478;423,27;-11,88;-11,83;-0,05;http://www.bdg.ibge.gov.br/bdg/pdf/relatorio.asp?L1=93292
3663G;93293;NORDESTE;BAHIA;-13,6148186;-40,8008254;384,9818;373,31;-11,67;-11,63;-0,04;http://www.bdg.ibge.gov.br/bdg/pdf/relatorio.asp?L1=93293
3663U;93294;NORDESTE;BAHIA;-13,5382534;-40,6531872;386,8313;375,75;-11,08;-11,09;0,01;http://www.bdg.ibge.gov.br/bdg/pdf/relatorio.asp?L1=93294
3664E;93295;NORDESTE;BAHIA;-13,5362179;-40,5541249;703,58;693,15;-10,43;-10,61;0,18;http://www.bdg.ibge.gov.br/bdg/pdf/relatorio.asp?L1=93295
3664L;93296;NORDESTE;BAHIA;-13,6125856;-40,4776933;677,0562;666,98;-10,08;-10,21;0,13;http://www.bdg.ibge.gov.br/bdg/pdf/relatorio.asp?L1=93296
3664S;91313;NORDESTE;BAHIA;-13,6872217;-40,4105834;633,9528;624,05;-9,9;-10,04;0,14;http://www.bdg.ibge.gov.br/bdg/pdf/relatorio.asp?L1=91313
3664T;93297;NORDESTE;BAHIA;-13,695082;-40,3925343;636,623;626,78;-9,84;-10;0,16;http://www.bdg.ibge.gov.br/bdg/pdf/relatorio.asp?L1=93297
3665B;93298;NORDESTE;BAHIA;-13,7480961;-40,2985501;681,8465;672,16;-9,69;-9,84;0,15;http://www.bdg.ibge.gov.br/bdg/pdf/relatorio.asp?L1=93298
3665J;93299;NORDESTE;BAHIA;-13,8329311;-40,1999269;299,8049;290,15;-9,65;-9,82;0,17;http://www.bdg.ibge.gov.br/bdg/pdf/relatorio.asp?L1=93299
3665M;93301;NORDESTE;BAHIA;-13,8555832;-40,1819365;210,4961;200,81;-9,69;-9,81;0,12;http://www.bdg.ibge.gov.br/bdg/pdf/relatorio.asp?L1=93301
3666F;93147;NORDESTE;BAHIA;-13,8779983;-40,069503;198,9549;189,26;-9,69;-9,73;0,04;http://www.bdg.ibge.gov.br/bdg/pdf/relatorio.asp?L1=93147
3666J;93300;NORDESTE;BAHIA;-13,8834425;-40,0323849;192,86;183,25;-9,61;-9,74;0,13;http://www.bdg.ibge.gov.br/bdg/pdf/relatorio.asp?L1=93300
3666V;93309;NORDESTE;BAHIA;-14,0087032;-39,9074563;188,8663;179,06;-9,81;-9,91;0,1;http://www.bdg.ibge.gov.br/bdg/pdf/relatorio.asp?L1=93309
3667A;91311;NORDESTE;BAHIA;-14,0083511;-39,8695509;158,2829;148,41;-9,87;-9,96;0,09;http://www.bdg.ibge.gov.br/bdg/pdf/relatorio.asp?L1=91311
3667E;93310;NORDESTE;BAHIA;-14,0508989;-39,812257;154,9663;145,1;-9,87;-9,95;0,08;http://www.bdg.ibge.gov.br/bdg/pdf/relatorio.asp?L1=93310
3667P;93311;NORDESTE;BAHIA;-14,1445066;-39,7147333;139,6342;129,9;-9,73;-9,83;0,1;http://www.bdg.ibge.gov.br/bdg/pdf/relatorio.asp?L1=93311
3667V;93312;NORDESTE;BAHIA;-14,1958804;-39,6258377;141,3108;131,84;-9,47;-9,51;0,04;http://www.bdg.ibge.gov.br/bdg/pdf/relatorio.asp?L1=93312
3668E;93146;NORDESTE;BAHIA;-14,2140654;-39,5219478;107,3328;98,12;-9,21;-9,24;0,03;http://www.bdg.ibge.gov.br/bdg/pdf/relatorio.asp?L1=93146
3671H;99549;NORDESTE;BAHIA;-13,871277;-40,0991105;199,5117;189,73;-9,78;-9,7;-0,08;http://www.bdg.ibge.gov.br/bdg/pdf/relatorio.asp?L1=99549
801L;93084;NORDESTE;BAHIA;-9,612356;-42,092502;415,4067;399,41;-16;-15,73;-0,27;http://www.bdg.ibge.gov.br/bdg/pdf/relatorio.asp?L1=93084
801N;93086;NORDESTE;BAHIA;-9,576821;-42,131325;416,0676;400,106;-15,96;-15,7;-0,26;http://www.bdg.ibge.gov.br/bdg/pdf/relatorio.asp?L1=93086
889X;93284;NORDESTE;BAHIA;-12,3655276;-42,456736;492,8948;477,718;-15,18;-15,12;-0,06;http://www.bdg.ibge.gov.br/bdg/pdf/relatorio.asp?L1=93284
891D;93269;NORDESTE;BAHIA;-11,8656927;-42,6989047;725,7926;710,862;-14,93;-14,98;0,05;http://www.bdg.ibge.gov.br/bdg/pdf/relatorio.asp?L1=93269
895F;93283;NORDESTE;BAHIA;-12,1717232;-43,1984607;438,2282;422,094;-16,13;-16,08;-0,05;http://www.bdg.ibge.gov.br/bdg/pdf/relatorio.asp?L1=93283
1614C;92185;NORDESTE;CEARÊÅ;-4,1209354;-38,2653366;19,6331;11,039;-8,59;-8,39;-0,2;http://www.bdg.ibge.gov.br/bdg/pdf/relatorio.asp?L1=92185
1614J;92184;NORDESTE;CEARÊÅ;-4,2050939;-38,227444;13,7351;5,188;-8,55;-8,37;-0,18;http://www.bdg.ibge.gov.br/bdg/pdf/relatorio.asp?L1=92184
1654H;92188;NORDESTE;CEARÊÅ;-3,7069254;-40,3591297;68,3463;53,895;-14,45;-14,29;-0,16;http://www.bdg.ibge.gov.br/bdg/pdf/relatorio.asp?L1=92188
1674H;92339;NORDESTE;CEARÊÅ;-6,2276416;-40,675377;475,3212;462,688;-12,63;-12,49;-0,14;http://www.bdg.ibge.gov.br/bdg/pdf/relatorio.asp?L1=92339
1691H;92355;NORDESTE;CEARÊÅ;-4,9708973;-38,0094915;28,6531;20,774;-7,88;-7,85;-0,03;http://www.bdg.ibge.gov.br/bdg/pdf/relatorio.asp?L1=92355
1850X;92176;NORDESTE;CEARÊÅ;-3,7746647;-39,2375558;85,2208;74,435;-10,79;-10,61;-0,18;http://www.bdg.ibge.gov.br/bdg/pdf/relatorio.asp?L1=92176
1851E;92174;NORDESTE;CEARÊÅ;-3,8285906;-39,2660271;62,6183;51,737;-10,88;-10,68;-0,2;http://www.bdg.ibge.gov.br/bdg/pdf/relatorio.asp?L1=92174
1869A;92315;NORDESTE;CEARÊÅ;-6,8741215;-39,5041493;337,6231;327,231;-10,39;-10,44;0,05;http://www.bdg.ibge.gov.br/bdg/pdf/relatorio.asp?L1=92315
1869L;92319;NORDESTE;CEARÊÅ;-6,7912907;-39,3056817;308,059;297,582;-10,48;-10,45;-0,03;http://www.bdg.ibge.gov.br/bdg/pdf/relatorio.asp?L1=92319
1896F;92352;NORDESTE;CEARÊÅ;-6,0132435;-38,3312479;182,6367;174,836;-7,8;-7,82;0,02;http://www.bdg.ibge.gov.br/bdg/pdf/relatorio.asp?L1=92352
2402M;92314;NORDESTE;CEARÊÅ;-7,3089348;-39,5592178;916,4289;906,702;-9,73;-9,79;0,06;http://www.bdg.ibge.gov.br/bdg/pdf/relatorio.asp?L1=92314
2622G;92341;NORDESTE;CEARÊÅ;-5,5810758;-39,363406;175,0307;164,449;-10,58;-10,46;-0,12;http://www.bdg.ibge.gov.br/bdg/pdf/relatorio.asp?L1=92341
2629C;92348;NORDESTE;CEARÊÅ;-7,0845148;-40,3163344;602,6612;592,062;-10,6;-10,48;-0,12;http://www.bdg.ibge.gov.br/bdg/pdf/relatorio.asp?L1=92348
2661V;92000;NORDESTE;CEARÊÅ;-3,7457852;-38,5824358;26,7827;17,726;-9,06;-9,05;-0,01;http://www.bdg.ibge.gov.br/bdg/pdf/relatorio.asp?L1=92000
2721R;92006;NORDESTE;CEARÊÅ;-3,8778173;-38,4268834;24,8728;16,13;-8,74;-8,73;-0,01;http://www.bdg.ibge.gov.br/bdg/pdf/relatorio.asp?L1=92006
2728S;92168;NORDESTE;CEARÊÅ;-3,7694087;-38,4751625;17,2766;8,287;-8,99;-8,92;-0,07;http://www.bdg.ibge.gov.br/bdg/pdf/relatorio.asp?L1=92168
2728T;92169;NORDESTE;CEARÊÅ;-3,7682765;-38,4752785;17,3113;8,2;-9,11;-8,92;-0,19;http://www.bdg.ibge.gov.br/bdg/pdf/relatorio.asp?L1=92169
2728V;92170;NORDESTE;CEARÊÅ;-3,7664353;-38,4791234;16,5012;7,517;-8,98;-8,92;-0,06;http://www.bdg.ibge.gov.br/bdg/pdf/relatorio.asp?L1=92170
2742X;92172;NORDESTE;CEARÊÅ;-3,7474029;-38,4496624;6,9295;-1,963;-8,89;-8,88;-0,01;http://www.bdg.ibge.gov.br/bdg/pdf/relatorio.asp?L1=92172
2748H;92327;NORDESTE;CEARÊÅ;-3,6929296;-38,5866901;4,1598;-4,912;-9,07;-9,06;-0,01;http://www.bdg.ibge.gov.br/bdg/pdf/relatorio.asp?L1=92327
2787R;96554;NORDESTE;CEARÊÅ;-3,743788;-38,6193784;18,0657;8,929;-9,14;-9,1;-0,04;http://www.bdg.ibge.gov.br/bdg/pdf/relatorio.asp?L1=96554
2791D;92300;NORDESTE;CEARÊÅ;-7,2380187;-39,4156055;446,0553;436,051;-10;-10,04;0,04;http://www.bdg.ibge.gov.br/bdg/pdf/relatorio.asp?L1=92300
2791N;92400;NORDESTE;CEARÊÅ;-3,7262167;-38,4746122;57,364;48,419;-8,95;-8,93;-0,02;http://www.bdg.ibge.gov.br/bdg/pdf/relatorio.asp?L1=92400
4309A;92406;NORDESTE;CEARÊÅ;-3,7941792;-38,5575733;28,7667;19,704;-9,06;-9,01;-0,05;http://www.bdg.ibge.gov.br/bdg/pdf/relatorio.asp?L1=92406
4309C;92385;NORDESTE;CEARÊÅ;-4,3472334;-39,3010616;140,2872;129,923;-10,36;-10,42;0,06;http://www.bdg.ibge.gov.br/bdg/pdf/relatorio.asp?L1=92385
4309D;92375;NORDESTE;CEARÊÅ;-4,7945799;-40,0630167;704,4237;692,413;-12,01;-12,1;0,09;http://www.bdg.ibge.gov.br/bdg/pdf/relatorio.asp?L1=92375
4309E;92387;NORDESTE;CEARÊÅ;-4,8473891;-39,5764766;308,8251;298,291;-10,53;-10,7;0,17;http://www.bdg.ibge.gov.br/bdg/pdf/relatorio.asp?L1=92387
4309F;92365;NORDESTE;CEARÊÅ;-5,5697378;-39,3556547;175,5117;165,003;-10,51;-10,43;-0,08;http://www.bdg.ibge.gov.br/bdg/pdf/relatorio.asp?L1=92365
4309G;92366;NORDESTE;CEARÊÅ;-6,0906034;-39,4606656;299,8655;289,075;-10,79;-10,86;0,07;http://www.bdg.ibge.gov.br/bdg/pdf/relatorio.asp?L1=92366
4309H;92378;NORDESTE;CEARÊÅ;-6,3498594;-39,2929492;215,9175;205,1;-10,82;-10,94;0,12;http://www.bdg.ibge.gov.br/bdg/pdf/relatorio.asp?L1=92378
4309J;92369;NORDESTE;CEARÊÅ;-5,9007457;-38,6309243;122,3601;113,61;-8,75;-8,82;0,07;http://www.bdg.ibge.gov.br/bdg/pdf/relatorio.asp?L1=92369
4309L;92383;NORDESTE;CEARÊÅ;-4,9365198;-37,9836991;20,5501;12,735;-7,82;-7,87;0,05;http://www.bdg.ibge.gov.br/bdg/pdf/relatorio.asp?L1=92383
4309N;92358;NORDESTE;CEARÊÅ;-7,6917216;-39,0090996;446,1274;436,396;-9,73;-9,68;-0,05;http://www.bdg.ibge.gov.br/bdg/pdf/relatorio.asp?L1=92358
4309P;92360;NORDESTE;CEARÊÅ;-7,2448903;-39,3070587;430,6462;420,46;-10,19;-10,13;-0,06;http://www.bdg.ibge.gov.br/bdg/pdf/relatorio.asp?L1=92360
4309T;92374;NORDESTE;CEARÊÅ;-5,2117237;-40,7023208;313,4955;299,221;-14,27;-14,17;-0,1;http://www.bdg.ibge.gov.br/bdg/pdf/relatorio.asp?L1=92374
4309V;92398;NORDESTE;CEARÊÅ;-4,5789117;-38,3671996;61,7964;53,57;-8,23;-8,33;0,1;http://www.bdg.ibge.gov.br/bdg/pdf/relatorio.asp?L1=92398
4309X;92384;NORDESTE;CEARÊÅ;-4,9799477;-38,989375;207,7394;198,687;-9,05;-9,16;0,11;http://www.bdg.ibge.gov.br/bdg/pdf/relatorio.asp?L1=92384
4330U;92367;NORDESTE;CEARÊÅ;-6,6499345;-38,6963967;277,7754;268,364;-9,41;-9,52;0,11;http://www.bdg.ibge.gov.br/bdg/pdf/relatorio.asp?L1=92367
4331E;92359;NORDESTE;CEARÊÅ;-7,1871037;-38,7733151;420,9671;411,414;-9,55;-9,54;-0,01;http://www.bdg.ibge.gov.br/bdg/pdf/relatorio.asp?L1=92359
4331N;92361;NORDESTE;CEARÊÅ;-6,7942169;-39,2922151;311,8982;301,622;-10,28;-10,44;0,16;http://www.bdg.ibge.gov.br/bdg/pdf/relatorio.asp?L1=92361
4332M;92371;NORDESTE;CEARÊÅ;-6,0045381;-40,2986314;397,2936;385,329;-11,96;-11,99;0,03;http://www.bdg.ibge.gov.br/bdg/pdf/relatorio.asp?L1=92371
4347N;92376;NORDESTE;CEARÊÅ;-4,7084092;-40,5584685;251,9166;237,271;-14,65;-14,62;-0,03;http://www.bdg.ibge.gov.br/bdg/pdf/relatorio.asp?L1=92376
4347S;92373;NORDESTE;CEARÊÅ;-5,5406922;-40,7698184;363,656;349,671;-13,99;-13,83;-0,16;http://www.bdg.ibge.gov.br/bdg/pdf/relatorio.asp?L1=92373
4348D;96556;NORDESTE;CEARÊÅ;-3,3729172;-39,294505;49,683;38,903;-10,78;-10,76;-0,02;http://www.bdg.ibge.gov.br/bdg/pdf/relatorio.asp?L1=96556
4350S;92397;NORDESTE;CEARÊÅ;-2,9190886;-39,9188997;17,5125;4,702;-12,81;-12,85;0,04;http://www.bdg.ibge.gov.br/bdg/pdf/relatorio.asp?L1=92397
459I;92344;NORDESTE;CEARÊÅ;-4,9787752;-39,0188824;185,6476;176,444;-9,2;-9,23;0,03;http://www.bdg.ibge.gov.br/bdg/pdf/relatorio.asp?L1=92344
467V;92178;NORDESTE;CEARÊÅ;-4,3628675;-38,8020014;143,6885;134,666;-9,02;-8,97;-0,05;http://www.bdg.ibge.gov.br/bdg/pdf/relatorio.asp?L1=92178
467Y;92179;NORDESTE;CEARÊÅ;-4,3722968;-38,8179354;105,3578;96,218;-9,14;-9;-0,14;http://www.bdg.ibge.gov.br/bdg/pdf/relatorio.asp?L1=92179
471C;92181;NORDESTE;CEARÊÅ;-4,4784261;-39,0778019;237,4765;227,892;-9,58;-9,57;-0,01;http://www.bdg.ibge.gov.br/bdg/pdf/relatorio.asp?L1=92181
504B;92336;NORDESTE;CEARÊÅ;-5,219613;-40,5905391;335,0891;321,026;-14,06;-13,92;-0,14;http://www.bdg.ibge.gov.br/bdg/pdf/relatorio.asp?L1=92336
522B;92197;NORDESTE;CEARÊÅ;-4,157629;-40,7701571;940,4385;926,098;-14,34;-14,36;0,02;http://www.bdg.ibge.gov.br/bdg/pdf/relatorio.asp?L1=92197
522F;92198;NORDESTE;CEARÊÅ;-4,1995232;-40,7589543;880,1305;865,722;-14,41;-14,37;-0,04;http://www.bdg.ibge.gov.br/bdg/pdf/relatorio.asp?L1=92198
525E;92194;NORDESTE;CEARÊÅ;-3,1285829;-40,145839;17,0071;3,564;-13,44;-13,29;-0,15;http://www.bdg.ibge.gov.br/bdg/pdf/relatorio.asp?L1=92194
533F;92191;NORDESTE;CEARÊÅ;-3,0340177;-41,2438619;11,2296;-5,88;-17,11;-17,02;-0,09;http://www.bdg.ibge.gov.br/bdg/pdf/relatorio.asp?L1=92191
569M;92338;NORDESTE;CEARÊÅ;-6,2149909;-40,6859898;475,1154;462,449;-12,67;-12,52;-0,15;http://www.bdg.ibge.gov.br/bdg/pdf/relatorio.asp?L1=92338
9328D;92187;NORDESTE;CEARÊÅ;-3,6890954;-40,3418923;67,2144;52,838;-14,38;-14,26;-0,12;http://www.bdg.ibge.gov.br/bdg/pdf/relatorio.asp?L1=92187
9523S;92001;NORDESTE;CEARÊÅ;-3,8159961;-38,4257152;59,6618;50,955;-8,71;-8,79;0,08;http://www.bdg.ibge.gov.br/bdg/pdf/relatorio.asp?L1=92001
2664Z;96550;NORDESTE;MARANHÄO;-3,733159;-43,457788;47,4073;25,182;-22,23;-22,02;-0,21;http://www.bdg.ibge.gov.br/bdg/pdf/relatorio.asp?L1=96550
2666B;93262;NORDESTE;MARANHÄO;-4,247306;-43,016677;62,835;40,585;-22,25;-21,91;-0,34;http://www.bdg.ibge.gov.br/bdg/pdf/relatorio.asp?L1=93262
2694A;93261;NORDESTE;MARANHÄO;-4,118844;-44,127604;35,2052;10,096;-25,11;-24,66;-0,45;http://www.bdg.ibge.gov.br/bdg/pdf/relatorio.asp?L1=93261
2729G;92158;NORDESTE;MARANHÄO;-5,49225;-47,495813;121,5186;96,431;-25,09;-24,61;-0,48;http://www.bdg.ibge.gov.br/bdg/pdf/relatorio.asp?L1=92158
2729H;92159;NORDESTE;MARANHÄO;-5,491881;-47,498328;120,2947;95,204;-25,09;-24,6;-0,49;http://www.bdg.ibge.gov.br/bdg/pdf/relatorio.asp?L1=92159
2729J;92160;NORDESTE;MARANHÄO;-5,489865;-47,498077;120,617;95,549;-25,07;-24,6;-0,47;http://www.bdg.ibge.gov.br/bdg/pdf/relatorio.asp?L1=92160
2729L;92161;NORDESTE;MARANHÄO;-5,490226;-47,495603;122,5515;97,469;-25,08;-24,61;-0,47;http://www.bdg.ibge.gov.br/bdg/pdf/relatorio.asp?L1=92161
2729M;92162;NORDESTE;MARANHÄO;-5,476506;-47,499591;173,8118;148,748;-25,06;-24,6;-0,46;http://www.bdg.ibge.gov.br/bdg/pdf/relatorio.asp?L1=92162
2729X;92166;NORDESTE;MARANHÄO;-5,474588;-47,484566;185,7326;160,628;-25,1;-24,61;-0,49;http://www.bdg.ibge.gov.br/bdg/pdf/relatorio.asp?L1=92166
2738C;96548;NORDESTE;MARANHÄO;-2,182423;-45,873015;64,8373;38,012;-26,83;-26,4;-0,43;http://www.bdg.ibge.gov.br/bdg/pdf/relatorio.asp?L1=96548
2766G;96543;NORDESTE;MARANHÄO;-5,345744;-44,475222;126,5267;102,007;-24,52;-24,03;-0,49;http://www.bdg.ibge.gov.br/bdg/pdf/relatorio.asp?L1=96543
4315N;96547;NORDESTE;MARANHÄO;-4,475165;-46,855095;165,7724;138,972;-26,8;-26,43;-0,37;http://www.bdg.ibge.gov.br/bdg/pdf/relatorio.asp?L1=96547
845L;96546;NORDESTE;MARANHÄO;-5,768704;-46,07044;214,5273;188,416;-26,11;-25,7;-0,41;http://www.bdg.ibge.gov.br/bdg/pdf/relatorio.asp?L1=96546
854N;96544;NORDESTE;MARANHÄO;-7,0430844;-44,6002541;262,6072;239,921;-22,69;-22,49;-0,2;http://www.bdg.ibge.gov.br/bdg/pdf/relatorio.asp?L1=96544
858G;96549;NORDESTE;MARANHÄO;-3,579631;-44,658179;13,6398;-13,557;-27,2;-26,8;-0,4;http://www.bdg.ibge.gov.br/bdg/pdf/relatorio.asp?L1=96549
862M;92568;NORDESTE;MARANHÄO;-3,909315;-45,589766;36,8787;8,81;-28,07;-27,84;-0,23;http://www.bdg.ibge.gov.br/bdg/pdf/relatorio.asp?L1=92568
862X;92567;NORDESTE;MARANHÄO;-4,021707;-45,754452;46,3955;18,397;-28;-27,74;-0,26;http://www.bdg.ibge.gov.br/bdg/pdf/relatorio.asp?L1=92567
9528B;92206;NORDESTE;MARANHÄO;-3,056356;-45,638422;63,6369;35,658;-27,98;-27,53;-0,45;http://www.bdg.ibge.gov.br/bdg/pdf/relatorio.asp?L1=92206
9529A;90828;NORDESTE;MARANHÄO;-4,246817;-46,199048;295,3964;268,005;-27,39;-27,2;-0,19;http://www.bdg.ibge.gov.br/bdg/pdf/relatorio.asp?L1=90828
1837D;96509;NORDESTE;PARAôçBA;-6,7698148;-37,796146;187,5316;179,583;-7,95;-7,98;0,03;http://www.bdg.ibge.gov.br/bdg/pdf/relatorio.asp?L1=96509
1883L;96510;NORDESTE;PARAôçBA;-7,3538393;-38,1497288;321,5451;313,073;-8,47;-8,5;0,03;http://www.bdg.ibge.gov.br/bdg/pdf/relatorio.asp?L1=96510
2452U;96508;NORDESTE;PARAôçBA;-7,1585891;-36,796535;545,7851;540,98;-4,81;-5,05;0,24;http://www.bdg.ibge.gov.br/bdg/pdf/relatorio.asp?L1=96508
435X;96506;NORDESTE;PARAôçBA;-6,7832581;-35,9753231;429,7434;425,978;-3,77;-4;0,23;http://www.bdg.ibge.gov.br/bdg/pdf/relatorio.asp?L1=96506
1807P;96520;NORDESTE;PERNAMBUCO;-7,9918813;-38,298692;429,8804;421,195;-8,69;-8,75;0,06;http://www.bdg.ibge.gov.br/bdg/pdf/relatorio.asp?L1=96520
1811V;96518;NORDESTE;PERNAMBUCO;-8,369996;-36,594488;678,7345;673,003;-5,73;-5,9;0,17;http://www.bdg.ibge.gov.br/bdg/pdf/relatorio.asp?L1=96518
2476U;96517;NORDESTE;PERNAMBUCO;-8,768023;-36,249865;679,3415;673,764;-5,58;-5,81;0,23;http://www.bdg.ibge.gov.br/bdg/pdf/relatorio.asp?L1=96517
2718T;93088;NORDESTE;PERNAMBUCO;-9,3650328;-40,5651529;383,6528;370,505;-13,15;-13,09;-0,06;http://www.bdg.ibge.gov.br/bdg/pdf/relatorio.asp?L1=93088
348T;96519;NORDESTE;PERNAMBUCO;-8,6888124;-37,8651796;602,579;593,568;-9,01;-8,91;-0,1;http://www.bdg.ibge.gov.br/bdg/pdf/relatorio.asp?L1=96519
3640F;99572;NORDESTE;PERNAMBUCO;-8,0631629;-34,8711388;3,2453;-2,269;-5,51;-5,75;0,24;http://www.bdg.ibge.gov.br/bdg/pdf/relatorio.asp?L1=99572
3640Z;93110;NORDESTE;PERNAMBUCO;-8,0509638;-34,9515164;25,6096;20,179;-5,43;-5,53;0,1;http://www.bdg.ibge.gov.br/bdg/pdf/relatorio.asp?L1=93110
3672A;93315;NORDESTE;PERNAMBUCO;-8,3071419;-35,0722694;51,1579;45,621;-5,54;-5,68;0,14;http://www.bdg.ibge.gov.br/bdg/pdf/relatorio.asp?L1=93315
3672U;93317;NORDESTE;PERNAMBUCO;-8,3067793;-35,2555933;95,7293;90,192;-5,54;-5,59;0,05;http://www.bdg.ibge.gov.br/bdg/pdf/relatorio.asp?L1=93317
3673L;93319;NORDESTE;PERNAMBUCO;-8,1543402;-35,2639372;327,1681;321,772;-5,4;-5,48;0,08;http://www.bdg.ibge.gov.br/bdg/pdf/relatorio.asp?L1=93319
3675C;93321;NORDESTE;PERNAMBUCO;-8,0584701;-34,9522852;9,3843;3,938;-5,45;-5,55;0,1;http://www.bdg.ibge.gov.br/bdg/pdf/relatorio.asp?L1=93321
3675H;93316;NORDESTE;PERNAMBUCO;-8,3641074;-35,2151264;95,7579;90,249;-5,51;-5,64;0,13;http://www.bdg.ibge.gov.br/bdg/pdf/relatorio.asp?L1=93316
2608J;96539;NORDESTE;PIAUôç;-3,839444;-42,417813;72,8463;52,045;-20,8;-20,65;-0,15;http://www.bdg.ibge.gov.br/bdg/pdf/relatorio.asp?L1=96539
2609F;96535;NORDESTE;PIAUôç;-6,4777445;-42,3397744;422,0681;403,009;-19,06;-18,93;-0,13;http://www.bdg.ibge.gov.br/bdg/pdf/relatorio.asp?L1=96535
2623L;96522;NORDESTE;PIAUôç;-6,9943136;-41,3663118;220,8999;206,031;-14,87;-14,74;-0,13;http://www.bdg.ibge.gov.br/bdg/pdf/relatorio.asp?L1=96522
2642R;96532;NORDESTE;PIAUôç;-7,3537629;-40,7632923;482,1763;470,368;-11,81;-11,73;-0,08;http://www.bdg.ibge.gov.br/bdg/pdf/relatorio.asp?L1=96532
2669A;96526;NORDESTE;PIAUôç;-9,0588068;-44,3151604;258,9824;240,926;-18,06;-17,94;-0,12;http://www.bdg.ibge.gov.br/bdg/pdf/relatorio.asp?L1=96526
2670H;96529;NORDESTE;PIAUôç;-9,825378;-45,334722;496,2645;479,167;-17,1;-16,97;-0,13;http://www.bdg.ibge.gov.br/bdg/pdf/relatorio.asp?L1=96529
2672D;96528;NORDESTE;PIAUôç;-10,5195259;-45,1884866;519,8673;504,538;-15,33;-15,36;0,03;http://www.bdg.ibge.gov.br/bdg/pdf/relatorio.asp?L1=96528
2758B;96530;NORDESTE;PIAUôç;-6,7684298;-43,0193867;113,556;92,725;-20,83;-20,61;-0,22;http://www.bdg.ibge.gov.br/bdg/pdf/relatorio.asp?L1=96530
2761E;96525;NORDESTE;PIAUôç;-8,0870746;-42,951288;267,4645;249,704;-17,76;-17,48;-0,28;http://www.bdg.ibge.gov.br/bdg/pdf/relatorio.asp?L1=96525
529U;96541;NORDESTE;PIAUôç;-3,8999;-41,7109599;92,1016;73,822;-18,28;-18,06;-0,22;http://www.bdg.ibge.gov.br/bdg/pdf/relatorio.asp?L1=96541
533D;92192;NORDESTE;PIAUôç;-3,0737419;-41,2632702;16,7283;-0,39;-17,12;-17,04;-0,08;http://www.bdg.ibge.gov.br/bdg/pdf/relatorio.asp?L1=92192
545H;96538;NORDESTE;PIAUôç;-5,4667251;-41,3429863;269,8898;254,245;-15,64;-15,83;0,19;http://www.bdg.ibge.gov.br/bdg/pdf/relatorio.asp?L1=96538
561H;96537;NORDESTE;PIAUôç;-4,970316;-42,374193;154,4151;133,782;-20,63;-20,39;-0,24;http://www.bdg.ibge.gov.br/bdg/pdf/relatorio.asp?L1=96537
567V;96534;NORDESTE;PIAUôç;-6,2638036;-41,4040543;286,9211;271,174;-15,75;-15,6;-0,15;http://www.bdg.ibge.gov.br/bdg/pdf/relatorio.asp?L1=96534
574E;96536;NORDESTE;PIAUôç;-5,5880675;-42,6141566;137,6626;116,873;-20,79;-20,65;-0,14;http://www.bdg.ibge.gov.br/bdg/pdf/relatorio.asp?L1=96536
591A;96523;NORDESTE;PIAUôç;-7,8858017;-41,8908994;305,9828;290,655;-15,33;-15,37;0,04;http://www.bdg.ibge.gov.br/bdg/pdf/relatorio.asp?L1=96523
593B;96533;NORDESTE;PIAUôç;-8,1036939;-41,0739238;370,0663;357,824;-12,24;-12,23;-0,01;http://www.bdg.ibge.gov.br/bdg/pdf/relatorio.asp?L1=96533
874J;96527;NORDESTE;PIAUôç;-10,1123917;-44,2175616;354,0216;339,291;-14,73;-14,91;0,18;http://www.bdg.ibge.gov.br/bdg/pdf/relatorio.asp?L1=96527
2418V;96505;NORDESTE;RIO GRANDE DO NORTE;-6,1161933;-35,6799947;145,221;140,849;-4,37;-4,56;0,19;http://www.bdg.ibge.gov.br/bdg/pdf/relatorio.asp?L1=96505
2648J;96504;NORDESTE;RIO GRANDE DO NORTE;-5,5610114;-35,7411058;110,2491;105,428;-4,82;-5,1;0,28;http://www.bdg.ibge.gov.br/bdg/pdf/relatorio.asp?L1=96504
440G;96502;NORDESTE;RIO GRANDE DO NORTE;-5,7889389;-37,5595585;157,8478;150,934;-6,91;-7;0,09;http://www.bdg.ibge.gov.br/bdg/pdf/relatorio.asp?L1=96502
2525X;96512;NORDESTE;SERGIPE;-9,9861;-37,095139;46,3154;37,045;-9,27;-9,26;-0,01;http://www.bdg.ibge.gov.br/bdg/pdf/relatorio.asp?L1=96512
2550R;96511;NORDESTE;SERGIPE;-10,9434083;-37,199616;57,5366;47,296;-10,24;-10,35;0,11;http://www.bdg.ibge.gov.br/bdg/pdf/relatorio.asp?L1=96511
324E;93137;NORDESTE;SERGIPE;-11,1109666;-37,8483687;225,2355;215,378;-9,86;-9,9;0,04;http://www.bdg.ibge.gov.br/bdg/pdf/relatorio.asp?L1=93137
778J;91285;NORTE;AMAZONAS;-8,2512707;-63,9312163;80,2756;91,095;10,82;11,13;-0,31;http://www.bdg.ibge.gov.br/bdg/pdf/relatorio.asp?L1=91285
780L;92831;NORTE;AMAZONAS;-7,550305;-63,077595;59,432;66,353;6,92;7,29;-0,37;http://www.bdg.ibge.gov.br/bdg/pdf/relatorio.asp?L1=92831
1608J;93997;NORTE;PARÊÅ;-1,58255;-48,016363;28,6338;3,042;-25,59;-25,11;-0,48;http://www.bdg.ibge.gov.br/bdg/pdf/relatorio.asp?L1=93997
840U;90609;NORTE;PARÊÅ;-1,297518;-47,949816;45,5228;19,941;-25,58;-25,16;-0,42;http://www.bdg.ibge.gov.br/bdg/pdf/relatorio.asp?L1=90609
984C;90448;NORTE;PARÊÅ;-6,8353307;-49,5828738;221,8345;200,259;-21,58;-21,97;0,39;http://www.bdg.ibge.gov.br/bdg/pdf/relatorio.asp?L1=90448
993D;90411;NORTE;PARÊÅ;-7,142402;-55,382231;224,3235;208,574;-15,75;-15,37;-0,38;http://www.bdg.ibge.gov.br/bdg/pdf/relatorio.asp?L1=90411
760N;91287;NORTE;RONDÉNIA;-10,5925629;-62,3527983;245,309;259,664;14,36;14,27;0,08;http://www.bdg.ibge.gov.br/bdg/pdf/relatorio.asp?L1=91287
762M;91242;NORTE;RONDÉNIA;-9,9286931;-63,0588031;117,1506;131,324;14,17;14,23;-0,06;http://www.bdg.ibge.gov.br/bdg/pdf/relatorio.asp?L1=91242
763R;91286;NORTE;RONDÉNIA;-9,368122;-63,1341946;120,6935;132,867;12,17;12,27;-0,1;http://www.bdg.ibge.gov.br/bdg/pdf/relatorio.asp?L1=91286
9517C;90012;NORTE;RONDÉNIA;-8,7405439;-63,9032861;85,2713;97,22;11,95;12,05;-0,1;http://www.bdg.ibge.gov.br/bdg/pdf/relatorio.asp?L1=90012
1377E;92821;NORTE;TOCANTINS;-12,914303;-46,9537749;748,7745;731,301;-17,47;-17,46;-0,01;http://www.bdg.ibge.gov.br/bdg/pdf/relatorio.asp?L1=92821
1379P;92616;NORTE;TOCANTINS;-12,6213725;-47,8861538;270,1947;253,616;-16,58;-16,4;-0,18;http://www.bdg.ibge.gov.br/bdg/pdf/relatorio.asp?L1=92616
1384R;92829;NORTE;TOCANTINS;-11,600182;-50,5704364;190,0378;172,615;-17,42;-17,22;-0,2;http://www.bdg.ibge.gov.br/bdg/pdf/relatorio.asp?L1=92829
2208H;92823;NORTE;TOCANTINS;-10,9311899;-48,5230495;252,8454;236,485;-16,36;-16,17;-0,19;http://www.bdg.ibge.gov.br/bdg/pdf/relatorio.asp?L1=92823
2305V;92822;NORTE;TOCANTINS;-11,7925663;-46,9062941;421,8932;404,508;-17,39;-17,25;-0,14;http://www.bdg.ibge.gov.br/bdg/pdf/relatorio.asp?L1=92822
2312G;92820;NORTE;TOCANTINS;-12,4210016;-48,6240231;298,3859;284,32;-14,07;-14,03;-0,04;http://www.bdg.ibge.gov.br/bdg/pdf/relatorio.asp?L1=92820
3251U;92617;NORTE;TOCANTINS;-12,7437272;-48,2374296;268,6431;253,685;-14,96;-14,78;-0,18;http://www.bdg.ibge.gov.br/bdg/pdf/relatorio.asp?L1=92617
3254A;92615;NORTE;TOCANTINS;-12,2898137;-48,2392581;290,1915;275,035;-15,16;-15,11;-0,05;http://www.bdg.ibge.gov.br/bdg/pdf/relatorio.asp?L1=92615
682P;92825;NORTE;TOCANTINS;-9,7648506;-48,7034962;338,5989;319,87;-18,73;-18,57;-0,16;http://www.bdg.ibge.gov.br/bdg/pdf/relatorio.asp?L1=92825
687B;92828;NORTE;TOCANTINS;-7,550267;-48,416437;268,1823;245,422;-22,76;-22,42;-0,34;http://www.bdg.ibge.gov.br/bdg/pdf/relatorio.asp?L1=92828
946V;92824;NORTE;TOCANTINS;-9,5654998;-46,6165731;453,8431;433,747;-20,1;-20,36;0,26;http://www.bdg.ibge.gov.br/bdg/pdf/relatorio.asp?L1=92824
1087A;91596;SUDESTE;ESPôçRITO SANTO;-20,233138;-40,275373;33,5281;25,889;-7,64;-7,36;-0,28;http://www.bdg.ibge.gov.br/bdg/pdf/relatorio.asp?L1=91596
173D;96067;SUDESTE;ESPôçRITO SANTO;-19,9341059;-40,6008784;651,0328;644,528;-6,5;-6,85;0,35;http://www.bdg.ibge.gov.br/bdg/pdf/relatorio.asp?L1=96067
3281R;96066;SUDESTE;ESPôçRITO SANTO;-19,051492;-40,0292262;47,9021;40,224;-7,68;-7,88;0,2;http://www.bdg.ibge.gov.br/bdg/pdf/relatorio.asp?L1=96066
3286J;91849;SUDESTE;ESPôçRITO SANTO;-18,7117171;-39,8761929;43,868;36,222;-7,65;-7,85;0,2;http://www.bdg.ibge.gov.br/bdg/pdf/relatorio.asp?L1=91849
4005A;96068;SUDESTE;ESPôçRITO SANTO;-21,1152472;-41,025531;26,4805;19,599;-6,88;-7,02;0,14;http://www.bdg.ibge.gov.br/bdg/pdf/relatorio.asp?L1=96068
4006L;96065;SUDESTE;ESPôçRITO SANTO;-20,7697658;-41,1627492;71,4975;64,767;-6,73;-6,92;0,19;http://www.bdg.ibge.gov.br/bdg/pdf/relatorio.asp?L1=96065
4007M;96064;SUDESTE;ESPôçRITO SANTO;-20,7495066;-41,473122;114,5818;108,145;-6,44;-6,53;0,09;http://www.bdg.ibge.gov.br/bdg/pdf/relatorio.asp?L1=96064
4018Z;91847;SUDESTE;ESPôçRITO SANTO;-20,2124997;-40,2680291;37,2254;30,086;-7,14;-7,37;0,23;http://www.bdg.ibge.gov.br/bdg/pdf/relatorio.asp?L1=91847
4025P;91871;SUDESTE;ESPôçRITO SANTO;-18,1331624;-40,3636408;188,538;179,816;-8,72;-8,86;0,14;http://www.bdg.ibge.gov.br/bdg/pdf/relatorio.asp?L1=91871
4028M;93699;SUDESTE;ESPôçRITO SANTO;-18,3806063;-40,8195724;234,2863;225,186;-9,1;-9,27;0,17;http://www.bdg.ibge.gov.br/bdg/pdf/relatorio.asp?L1=93699
4030J;91872;SUDESTE;ESPôçRITO SANTO;-18,7505876;-40,8897362;211,7365;202,712;-9,02;-9,21;0,19;http://www.bdg.ibge.gov.br/bdg/pdf/relatorio.asp?L1=91872
4035N;91873;SUDESTE;ESPôçRITO SANTO;-19,887453;-40,8675409;185,099;177,945;-7,15;-7,26;0,11;http://www.bdg.ibge.gov.br/bdg/pdf/relatorio.asp?L1=91873
108L;91630;SUDESTE;MINAS GERAIS;-20,6601721;-43,7859457;995,0392;990,966;-4,07;-4,3;0,23;http://www.bdg.ibge.gov.br/bdg/pdf/relatorio.asp?L1=91630
1138C;91740;SUDESTE;MINAS GERAIS;-19,6444121;-42,8188547;341,2792;330,821;-10,46;-10,24;-0,22;http://www.bdg.ibge.gov.br/bdg/pdf/relatorio.asp?L1=91740
1169D;91771;SUDESTE;MINAS GERAIS;-18,4803693;-43,0386095;702,1681;692,161;-10,01;-10,07;0,06;http://www.bdg.ibge.gov.br/bdg/pdf/relatorio.asp?L1=91771
1172T;96059;SUDESTE;MINAS GERAIS;-18,3665645;-44,4404761;638,4285;628,095;-10,33;-10,32;-0,01;http://www.bdg.ibge.gov.br/bdg/pdf/relatorio.asp?L1=96059
1293J;93923;SUDESTE;MINAS GERAIS;-16,1146103;-45,6238287;592,746;579,351;-13,4;-13,39;0;http://www.bdg.ibge.gov.br/bdg/pdf/relatorio.asp?L1=93923
135I;96063;SUDESTE;MINAS GERAIS;-20,3300221;-42,3647084;675,1005;668,878;-6,22;-6,5;0,28;http://www.bdg.ibge.gov.br/bdg/pdf/relatorio.asp?L1=96063
146Q;96056;SUDESTE;MINAS GERAIS;-18,5894766;-46,5169278;834,0203;824,346;-9,67;-9,56;-0,11;http://www.bdg.ibge.gov.br/bdg/pdf/relatorio.asp?L1=96056
215S;96055;SUDESTE;MINAS GERAIS;-17,2240651;-46,8743006;683,0857;670,48;-12,61;-12,55;-0,06;http://www.bdg.ibge.gov.br/bdg/pdf/relatorio.asp?L1=96055
2163L;96057;SUDESTE;MINAS GERAIS;-19,4001171;-47,3213885;1096,2499;1087,917;-8,33;-8,52;0,19;http://www.bdg.ibge.gov.br/bdg/pdf/relatorio.asp?L1=96057
2286G;91243;SUDESTE;MINAS GERAIS;-15,6242188;-46,4223333;551,7776;538,06;-13,72;-13,53;-0,19;http://www.bdg.ibge.gov.br/bdg/pdf/relatorio.asp?L1=91243
2319S;93906;SUDESTE;MINAS GERAIS;-17,347949;-44,9068594;510,6511;498,335;-12,32;-12,27;-0,05;http://www.bdg.ibge.gov.br/bdg/pdf/relatorio.asp?L1=93906
2332A;96061;SUDESTE;MINAS GERAIS;-17,2132359;-44,4454414;559,0887;546,912;-12,18;-12,13;-0,05;http://www.bdg.ibge.gov.br/bdg/pdf/relatorio.asp?L1=96061
2981F;91791;SUDESTE;MINAS GERAIS;-20,3015;-49,1972345;450,8395;443,34;-7,5;-7,33;-0,17;http://www.bdg.ibge.gov.br/bdg/pdf/relatorio.asp?L1=91791
2990V;91691;SUDESTE;MINAS GERAIS;-20,357224;-47,0360243;722,7109;715,574;-7,14;-6,95;-0,19;http://www.bdg.ibge.gov.br/bdg/pdf/relatorio.asp?L1=91691
2992M;91677;SUDESTE;MINAS GERAIS;-20,2835598;-47,0643936;669,2814;662,175;-7,11;-7,16;0,05;http://www.bdg.ibge.gov.br/bdg/pdf/relatorio.asp?L1=91677
2992S;91674;SUDESTE;MINAS GERAIS;-20,2862672;-47,0642366;669,316;662,037;-7,28;-7,16;-0,12;http://www.bdg.ibge.gov.br/bdg/pdf/relatorio.asp?L1=91674
2992T;91673;SUDESTE;MINAS GERAIS;-20,2863026;-47,0668528;631,6414;624,514;-7,13;-7,15;0,02;http://www.bdg.ibge.gov.br/bdg/pdf/relatorio.asp?L1=91673
2992Z;91675;SUDESTE;MINAS GERAIS;-20,2856163;-47,0672158;632,3074;625,211;-7,1;-7,16;0,06;http://www.bdg.ibge.gov.br/bdg/pdf/relatorio.asp?L1=91675
2993L;91676;SUDESTE;MINAS GERAIS;-20,2756627;-47,0789592;629,3778;622,27;-7,11;-7,16;0,05;http://www.bdg.ibge.gov.br/bdg/pdf/relatorio.asp?L1=91676
2993U;91670;SUDESTE;MINAS GERAIS;-20,2882108;-47,0665739;686,2989;679,268;-7,03;-7,15;0,12;http://www.bdg.ibge.gov.br/bdg/pdf/relatorio.asp?L1=91670
2993X;91665;SUDESTE;MINAS GERAIS;-20,1510138;-47,280019;631,2579;623,631;-7,63;-7,6;-0,03;http://www.bdg.ibge.gov.br/bdg/pdf/relatorio.asp?L1=91665
2996A;91694;SUDESTE;MINAS GERAIS;-20,6039382;-46,9106961;696,3033;689,667;-6,64;-6,64;0;http://www.bdg.ibge.gov.br/bdg/pdf/relatorio.asp?L1=91694
3003G;91678;SUDESTE;MINAS GERAIS;-20,6637603;-46,3166536;774,3025;767,809;-6,49;-6,53;0,04;http://www.bdg.ibge.gov.br/bdg/pdf/relatorio.asp?L1=91678
3003J;91679;SUDESTE;MINAS GERAIS;-20,6652893;-46,3207131;682,5436;676,062;-6,48;-6,53;0,05;http://www.bdg.ibge.gov.br/bdg/pdf/relatorio.asp?L1=91679
3034J;91784;SUDESTE;MINAS GERAIS;-20,0319841;-47,4342421;573,5673;565,366;-8,2;-8,07;-0,13;http://www.bdg.ibge.gov.br/bdg/pdf/relatorio.asp?L1=91784
3034P;91846;SUDESTE;MINAS GERAIS;-20,0510312;-47,4061054;572,7692;564,578;-8,19;-7,99;-0,2;http://www.bdg.ibge.gov.br/bdg/pdf/relatorio.asp?L1=91846
3036F;91788;SUDESTE;MINAS GERAIS;-20,1193948;-48,5733326;473,593;465,657;-7,94;-8,07;0,13;http://www.bdg.ibge.gov.br/bdg/pdf/relatorio.asp?L1=91788
3036G;91789;SUDESTE;MINAS GERAIS;-20,1247573;-48,5723361;469,9536;461,927;-8,03;-8,07;0,04;http://www.bdg.ibge.gov.br/bdg/pdf/relatorio.asp?L1=91789
3036X;91790;SUDESTE;MINAS GERAIS;-20,2940128;-49,1944528;457,1737;449,752;-7,42;-7,33;-0,09;http://www.bdg.ibge.gov.br/bdg/pdf/relatorio.asp?L1=91790
3038R;91786;SUDESTE;MINAS GERAIS;-20,0247606;-48,2150747;499,7342;490,906;-8,83;-8,75;-0,08;http://www.bdg.ibge.gov.br/bdg/pdf/relatorio.asp?L1=91786
3042S;91817;SUDESTE;MINAS GERAIS;-21,1901624;-45,056993;773,1171;769,125;-3,99;-4,1;0,11;http://www.bdg.ibge.gov.br/bdg/pdf/relatorio.asp?L1=91817
3043L;91811;SUDESTE;MINAS GERAIS;-21,087811;-45,1780533;783,0893;778,838;-4,25;-4,43;0,18;http://www.bdg.ibge.gov.br/bdg/pdf/relatorio.asp?L1=91811
3043T;91810;SUDESTE;MINAS GERAIS;-21,0711498;-45,2301308;773,8651;769,432;-4,43;-4,53;0,1;http://www.bdg.ibge.gov.br/bdg/pdf/relatorio.asp?L1=91810
3043Z;91804;SUDESTE;MINAS GERAIS;-21,0498902;-45,2786115;770,1459;765,6;-4,55;-4,68;0,13;http://www.bdg.ibge.gov.br/bdg/pdf/relatorio.asp?L1=91804
3044A;91802;SUDESTE;MINAS GERAIS;-21,050526;-45,2858589;772,651;768,123;-4,53;-4,69;0,16;http://www.bdg.ibge.gov.br/bdg/pdf/relatorio.asp?L1=91802
3044E;91803;SUDESTE;MINAS GERAIS;-21,0593648;-45,3158092;769,7317;765,147;-4,58;-4,73;0,15;http://www.bdg.ibge.gov.br/bdg/pdf/relatorio.asp?L1=91803
3044G;91799;SUDESTE;MINAS GERAIS;-21,2274852;-44,9786388;919,4306;915,673;-3,76;-3,97;0,21;http://www.bdg.ibge.gov.br/bdg/pdf/relatorio.asp?L1=91799
3044V;91815;SUDESTE;MINAS GERAIS;-21,1672804;-45,1166869;808,5744;804,446;-4,13;-4,22;0,09;http://www.bdg.ibge.gov.br/bdg/pdf/relatorio.asp?L1=91815
3044X;91732;SUDESTE;MINAS GERAIS;-21,3330862;-44,9745698;1044,7168;1041,098;-3,62;-3,82;0,2;http://www.bdg.ibge.gov.br/bdg/pdf/relatorio.asp?L1=91732
3044Z;91733;SUDESTE;MINAS GERAIS;-21,3327146;-44,9728411;1041,7607;1038,173;-3,59;-3,82;0,23;http://www.bdg.ibge.gov.br/bdg/pdf/relatorio.asp?L1=91733
3045R;91797;SUDESTE;MINAS GERAIS;-21,1326782;-45,0228794;789,4186;785,463;-3,96;-4,08;0,12;http://www.bdg.ibge.gov.br/bdg/pdf/relatorio.asp?L1=91797
3045T;91798;SUDESTE;MINAS GERAIS;-21,2276372;-44,9759475;921,9325;918,147;-3,79;-3,97;0,18;http://www.bdg.ibge.gov.br/bdg/pdf/relatorio.asp?L1=91798
3045U;91800;SUDESTE;MINAS GERAIS;-21,2291141;-44,9746058;921,9516;918,155;-3,8;-3,97;0,17;http://www.bdg.ibge.gov.br/bdg/pdf/relatorio.asp?L1=91800
3045X;91801;SUDESTE;MINAS GERAIS;-21,2278998;-44,9735593;931,5155;927,521;-3,99;-3,97;-0,02;http://www.bdg.ibge.gov.br/bdg/pdf/relatorio.asp?L1=91801
3050D;91734;SUDESTE;MINAS GERAIS;-21,3304583;-44,9681942;1018,8444;1015,073;-3,77;-3,82;0,05;http://www.bdg.ibge.gov.br/bdg/pdf/relatorio.asp?L1=91734
3050E;91735;SUDESTE;MINAS GERAIS;-21,3295158;-44,9688072;1008,2568;1004,636;-3,62;-3,82;0,2;http://www.bdg.ibge.gov.br/bdg/pdf/relatorio.asp?L1=91735
3050F;91731;SUDESTE;MINAS GERAIS;-21,330286;-44,981916;1182,3859;1179,017;-3,37;-3,83;0,46;http://www.bdg.ibge.gov.br/bdg/pdf/relatorio.asp?L1=91731
3050G;91729;SUDESTE;MINAS GERAIS;-21,3306134;-44,9838917;1217,1873;1213,629;-3,56;-3,83;0,27;http://www.bdg.ibge.gov.br/bdg/pdf/relatorio.asp?L1=91729
3053E;91809;SUDESTE;MINAS GERAIS;-21,1158011;-45,2123177;799,1192;794,78;-4,34;-4,44;0,1;http://www.bdg.ibge.gov.br/bdg/pdf/relatorio.asp?L1=91809
3053G;91807;SUDESTE;MINAS GERAIS;-21,1396268;-45,2223609;790,8774;786,351;-4,53;-4,41;-0,12;http://www.bdg.ibge.gov.br/bdg/pdf/relatorio.asp?L1=91807
3053M;91806;SUDESTE;MINAS GERAIS;-21,1316898;-45,2517131;768,6905;764,342;-4,35;-4,46;0,11;http://www.bdg.ibge.gov.br/bdg/pdf/relatorio.asp?L1=91806
3053U;91805;SUDESTE;MINAS GERAIS;-21,080372;-45,2571318;773,3308;768,856;-4,47;-4,57;0,1;http://www.bdg.ibge.gov.br/bdg/pdf/relatorio.asp?L1=91805
3261F;92711;SUDESTE;MINAS GERAIS;-18,4242683;-49,1189247;523,211;511,95;-11,26;-11,1;-0,16;http://www.bdg.ibge.gov.br/bdg/pdf/relatorio.asp?L1=92711
3261H;92712;SUDESTE;MINAS GERAIS;-18,4069112;-49,0972581;523,4241;512,1;-11,32;-11,16;-0,16;http://www.bdg.ibge.gov.br/bdg/pdf/relatorio.asp?L1=92712
3320L;92851;SUDESTE;MINAS GERAIS;-20,8620348;-46,898467;956,0945;950,531;-5,56;-5,65;0,09;http://www.bdg.ibge.gov.br/bdg/pdf/relatorio.asp?L1=92851
3320U;92852;SUDESTE;MINAS GERAIS;-20,8948856;-47,0021116;933,3689;928,042;-5,33;-5,51;0,18;http://www.bdg.ibge.gov.br/bdg/pdf/relatorio.asp?L1=92852
3321L;92853;SUDESTE;MINAS GERAIS;-21,0712379;-46,9795535;1158,0089;1153,043;-4,97;-5,18;0,21;http://www.bdg.ibge.gov.br/bdg/pdf/relatorio.asp?L1=92853
3321Z;92854;SUDESTE;MINAS GERAIS;-21,1929657;-46,9729304;889,2239;884,346;-4,88;-4,99;0,11;http://www.bdg.ibge.gov.br/bdg/pdf/relatorio.asp?L1=92854
3322L;92855;SUDESTE;MINAS GERAIS;-21,3499526;-46,9407411;763,8446;759,031;-4,81;-4,87;0,06;http://www.bdg.ibge.gov.br/bdg/pdf/relatorio.asp?L1=92855
4022S;91703;SUDESTE;MINAS GERAIS;-20,7474109;-42,8390417;655,7051;649,256;-6,45;-6,59;0,14;http://www.bdg.ibge.gov.br/bdg/pdf/relatorio.asp?L1=91703
4022T;91702;SUDESTE;MINAS GERAIS;-20,7403881;-42,8437789;653,6108;647,125;-6,49;-6,62;0,13;http://www.bdg.ibge.gov.br/bdg/pdf/relatorio.asp?L1=91702
4022U;91700;SUDESTE;MINAS GERAIS;-20,762595;-42,8641293;702,2267;695,769;-6,46;-6,59;0,13;http://www.bdg.ibge.gov.br/bdg/pdf/relatorio.asp?L1=91700
4022X;91701;SUDESTE;MINAS GERAIS;-20,7653937;-42,8670268;698,436;691,981;-6,46;-6,58;0,12;http://www.bdg.ibge.gov.br/bdg/pdf/relatorio.asp?L1=91701
4022Z;91699;SUDESTE;MINAS GERAIS;-20,756405;-42,8711022;712,5017;706,033;-6,47;-6,61;0,14;http://www.bdg.ibge.gov.br/bdg/pdf/relatorio.asp?L1=91699
618M;96058;SUDESTE;MINAS GERAIS;-18,1044781;-45,4681658;603,6902;593,027;-10,66;-10,75;0,09;http://www.bdg.ibge.gov.br/bdg/pdf/relatorio.asp?L1=96058
658A;91834;SUDESTE;MINAS GERAIS;-20,0492576;-47,4056955;580,8847;572,78;-8,1;-8;-0,1;http://www.bdg.ibge.gov.br/bdg/pdf/relatorio.asp?L1=91834
9502D;91031;SUDESTE;MINAS GERAIS;-19,7620378;-48,1015818;763,4072;754,043;-9,36;-9,31;-0,05;http://www.bdg.ibge.gov.br/bdg/pdf/relatorio.asp?L1=91031
1000N;91825;SUDESTE;RIO DE JANEIRO;-22,6055258;-43,9354219;473,9662;469,49;-4,48;-4,65;0,17;http://www.bdg.ibge.gov.br/bdg/pdf/relatorio.asp?L1=91825
1005U;91953;SUDESTE;RIO DE JANEIRO;-22,5596033;-42,8616096;11,8198;6,083;-5,74;-5,8;0,06;http://www.bdg.ibge.gov.br/bdg/pdf/relatorio.asp?L1=91953
1006U;93955;SUDESTE;RIO DE JANEIRO;-22,6456087;-43,0701931;5,365;-0,311;-5,68;-5,72;0,04;http://www.bdg.ibge.gov.br/bdg/pdf/relatorio.asp?L1=93955
1008S;96162;SUDESTE;RIO DE JANEIRO;-22,8057794;-42,9810757;27,8813;21,774;-6,11;-6,21;0,1;http://www.bdg.ibge.gov.br/bdg/pdf/relatorio.asp?L1=96162
1013A;91969;SUDESTE;RIO DE JANEIRO;-22,8469856;-42,1858095;5,8496;-0,041;-5,89;-6,05;0,16;http://www.bdg.ibge.gov.br/bdg/pdf/relatorio.asp?L1=91969
1014E;91870;SUDESTE;RIO DE JANEIRO;-22,4134916;-43,1401148;685,8676;681,704;-4,16;-4,51;0,35;http://www.bdg.ibge.gov.br/bdg/pdf/relatorio.asp?L1=91870
1021C;91823;SUDESTE;RIO DE JANEIRO;-22,7040336;-44,0959988;411,0279;406,853;-4,17;-4,32;0,15;http://www.bdg.ibge.gov.br/bdg/pdf/relatorio.asp?L1=91823
1025C;96126;SUDESTE;RIO DE JANEIRO;-21,4930416;-41,6146152;22,6085;15,567;-7,04;-7,05;0,01;http://www.bdg.ibge.gov.br/bdg/pdf/relatorio.asp?L1=96126
2814B;91826;SUDESTE;RIO DE JANEIRO;-22,4497006;-44,3184273;421,6857;417,746;-3,94;-4,04;0,1;http://www.bdg.ibge.gov.br/bdg/pdf/relatorio.asp?L1=91826
2814U;91827;SUDESTE;RIO DE JANEIRO;-22,5523662;-44,0681124;456,6102;452,089;-4,52;-4,5;-0,02;http://www.bdg.ibge.gov.br/bdg/pdf/relatorio.asp?L1=91827
2820G;91820;SUDESTE;RIO DE JANEIRO;-23,1948156;-44,7281424;4,7222;0,258;-4,46;-4,44;-0,02;http://www.bdg.ibge.gov.br/bdg/pdf/relatorio.asp?L1=91820
2820S;91830;SUDESTE;RIO DE JANEIRO;-22,6406837;-43,7130728;39,8979;34,7;-5,2;-5,25;0,05;http://www.bdg.ibge.gov.br/bdg/pdf/relatorio.asp?L1=91830
2821S;91828;SUDESTE;RIO DE JANEIRO;-22,5275333;-43,7217355;422,0576;417,351;-4,71;-4,85;0,14;http://www.bdg.ibge.gov.br/bdg/pdf/relatorio.asp?L1=91828
2822M;91829;SUDESTE;RIO DE JANEIRO;-22,6387524;-43,6656212;40,2725;35,017;-5,26;-5,31;0,05;http://www.bdg.ibge.gov.br/bdg/pdf/relatorio.asp?L1=91829
2823E;91869;SUDESTE;RIO DE JANEIRO;-22,4941699;-43,5208131;494,6432;490,059;-4,58;-4,82;0,24;http://www.bdg.ibge.gov.br/bdg/pdf/relatorio.asp?L1=91869
2824M;91866;SUDESTE;RIO DE JANEIRO;-22,1966026;-43,3155047;327,7713;323,274;-4,5;-4,65;0,15;http://www.bdg.ibge.gov.br/bdg/pdf/relatorio.asp?L1=91866
2825H;91966;SUDESTE;RIO DE JANEIRO;-22,6917953;-42,5470085;51,8291;45,668;-6,16;-6,29;0,13;http://www.bdg.ibge.gov.br/bdg/pdf/relatorio.asp?L1=91966
2825Z;91968;SUDESTE;RIO DE JANEIRO;-22,5190383;-42,342233;20,854;14,913;-5,94;-6,02;0,08;http://www.bdg.ibge.gov.br/bdg/pdf/relatorio.asp?L1=91968
2826S;91964;SUDESTE;RIO DE JANEIRO;-22,4662465;-42,0717004;17,2261;10,943;-6,28;-6,4;0,12;http://www.bdg.ibge.gov.br/bdg/pdf/relatorio.asp?L1=91964
2828N;91962;SUDESTE;RIO DE JANEIRO;-22,4758039;-41,8944387;8,2093;1,682;-6,53;-6,71;0,18;http://www.bdg.ibge.gov.br/bdg/pdf/relatorio.asp?L1=91962
2829G;91961;SUDESTE;RIO DE JANEIRO;-22,2759269;-41,70581;9,493;2,928;-6,57;-6,8;0,23;http://www.bdg.ibge.gov.br/bdg/pdf/relatorio.asp?L1=91961
2830F;91958;SUDESTE;RIO DE JANEIRO;-22,1019283;-41,4521838;8,0287;1,52;-6,51;-6,74;0,23;http://www.bdg.ibge.gov.br/bdg/pdf/relatorio.asp?L1=91958
2833P;91954;SUDESTE;RIO DE JANEIRO;-21,9206241;-42,1574956;198,1656;192,049;-6,12;-6,25;0,13;http://www.bdg.ibge.gov.br/bdg/pdf/relatorio.asp?L1=91954
2835G;93968;SUDESTE;RIO DE JANEIRO;-22,2449164;-42,9159659;712,6094;708,38;-4,23;-4,47;0,24;http://www.bdg.ibge.gov.br/bdg/pdf/relatorio.asp?L1=93968
2842F;91868;SUDESTE;RIO DE JANEIRO;-21,938304;-42,5962143;287,5823;282,086;-5,5;-5,66;0,16;http://www.bdg.ibge.gov.br/bdg/pdf/relatorio.asp?L1=91868
2844P;91963;SUDESTE;RIO DE JANEIRO;-22,082332;-42,069532;694,2299;688,649;-5,58;-5,85;0,27;http://www.bdg.ibge.gov.br/bdg/pdf/relatorio.asp?L1=91963
2849X;91955;SUDESTE;RIO DE JANEIRO;-21,7219195;-41,9422151;86,8872;80,275;-6,61;-6,76;0,15;http://www.bdg.ibge.gov.br/bdg/pdf/relatorio.asp?L1=91955
2994A;91500;SUDESTE;RIO DE JANEIRO;-22,8191022;-43,3066533;4,3432;-1,459;-5,8;-5,78;-0,02;http://www.bdg.ibge.gov.br/bdg/pdf/relatorio.asp?L1=91500
2994B;91513;SUDESTE;RIO DE JANEIRO;-22,8191546;-43,3065724;3,1932;-2,598;-5,79;-5,78;-0,01;http://www.bdg.ibge.gov.br/bdg/pdf/relatorio.asp?L1=91513
2994G;93689;SUDESTE;RIO DE JANEIRO;-22,3890127;-41,7707863;5,3113;-1,196;-6,51;-6,78;0,27;http://www.bdg.ibge.gov.br/bdg/pdf/relatorio.asp?L1=93689
2994L;93518;SUDESTE;RIO DE JANEIRO;-22,883143;-43,1347289;1,6897;-4,219;-5,91;-6,01;0,1;http://www.bdg.ibge.gov.br/bdg/pdf/relatorio.asp?L1=93518
2994X;96099;SUDESTE;RIO DE JANEIRO;-22,9223591;-43,0947503;4,2399;-1,641;-5,88;-6,03;0,15;http://www.bdg.ibge.gov.br/bdg/pdf/relatorio.asp?L1=96099
3002S;91885;SUDESTE;RIO DE JANEIRO;-21,8441414;-42,5785574;140,4513;134,541;-5,91;-6,02;0,11;http://www.bdg.ibge.gov.br/bdg/pdf/relatorio.asp?L1=91885
3010E;96159;SUDESTE;RIO DE JANEIRO;-22,9267725;-42,9240315;14,5608;8,583;-5,98;-6,21;0,23;http://www.bdg.ibge.gov.br/bdg/pdf/relatorio.asp?L1=96159
3013G;91965;SUDESTE;RIO DE JANEIRO;-22,8858893;-42,4763552;12,9255;6,96;-5,97;-6,17;0,2;http://www.bdg.ibge.gov.br/bdg/pdf/relatorio.asp?L1=91965
3013U;91967;SUDESTE;RIO DE JANEIRO;-22,8654856;-42,3152334;17,349;11,406;-5,94;-6,08;0,14;http://www.bdg.ibge.gov.br/bdg/pdf/relatorio.asp?L1=91967
3017D;96045;SUDESTE;RIO DE JANEIRO;-22,4964825;-44,6605134;465,6957;462,577;-3,12;-3,24;0,12;http://www.bdg.ibge.gov.br/bdg/pdf/relatorio.asp?L1=96045
3017S;91824;SUDESTE;RIO DE JANEIRO;-22,4559617;-44,3943458;405,5084;401,716;-3,79;-3,86;0,07;http://www.bdg.ibge.gov.br/bdg/pdf/relatorio.asp?L1=91824
3068S;91821;SUDESTE;RIO DE JANEIRO;-22,9666781;-44,044784;4,811;-0,262;-5,07;-4,84;-0,23;http://www.bdg.ibge.gov.br/bdg/pdf/relatorio.asp?L1=91821
3073D;91970;SUDESTE;RIO DE JANEIRO;-22,7744833;-41,9305506;2,6342;-3,277;-5,91;-6,14;0,23;http://www.bdg.ibge.gov.br/bdg/pdf/relatorio.asp?L1=91970
3086H;91888;SUDESTE;RIO DE JANEIRO;-22,3695553;-41,7845022;6,5936;0,056;-6,54;-6,77;0,23;http://www.bdg.ibge.gov.br/bdg/pdf/relatorio.asp?L1=91888
3088S;91783;SUDESTE;RIO DE JANEIRO;-22,9784683;-42,0202613;6,8732;1,271;-5,6;-5,8;0,2;http://www.bdg.ibge.gov.br/bdg/pdf/relatorio.asp?L1=91783
3091B;93967;SUDESTE;RIO DE JANEIRO;-22,7715162;-42,9285341;16,9668;10,816;-6,15;-6,26;0,11;http://www.bdg.ibge.gov.br/bdg/pdf/relatorio.asp?L1=93967
3099C;93915;SUDESTE;RIO DE JANEIRO;-22,8465713;-43,2364323;5,2562;-0,549;-5,81;-5,84;0,03;http://www.bdg.ibge.gov.br/bdg/pdf/relatorio.asp?L1=93915
3100T;93916;SUDESTE;RIO DE JANEIRO;-22,8236794;-43,2315361;4,0193;-1,784;-5,8;-5,85;0,05;http://www.bdg.ibge.gov.br/bdg/pdf/relatorio.asp?L1=93916
3121A;91720;SUDESTE;RIO DE JANEIRO;-22,8178444;-43,3062766;14,3646;8,632;-5,73;-5,78;0,05;http://www.bdg.ibge.gov.br/bdg/pdf/relatorio.asp?L1=91720
4001L;91956;SUDESTE;RIO DE JANEIRO;-21,6534772;-41,7407452;41,5429;34,887;-6,66;-6,83;0,17;http://www.bdg.ibge.gov.br/bdg/pdf/relatorio.asp?L1=91956
4003P;91960;SUDESTE;RIO DE JANEIRO;-21,4773589;-41,1138355;9,5455;2,975;-6,57;-6,74;0,17;http://www.bdg.ibge.gov.br/bdg/pdf/relatorio.asp?L1=91960
4010B;93966;SUDESTE;RIO DE JANEIRO;-21,2003954;-41,7159273;140,631;133,872;-6,76;-6,86;0,1;http://www.bdg.ibge.gov.br/bdg/pdf/relatorio.asp?L1=93966
9022D;93519;SUDESTE;RIO DE JANEIRO;-22,3891153;-41,7706803;5,2776;-1,215;-6,49;-6,78;0,29;http://www.bdg.ibge.gov.br/bdg/pdf/relatorio.asp?L1=93519
9022E;93690;SUDESTE;RIO DE JANEIRO;-22,3868436;-41,7693948;4,4741;-2,036;-6,51;-6,77;0,26;http://www.bdg.ibge.gov.br/bdg/pdf/relatorio.asp?L1=93690
2388G;91617;SUDESTE;SÄO PAULO;-20,2524603;-50,1835142;435,2343;427,587;-7,65;-7,54;-0,11;http://www.bdg.ibge.gov.br/bdg/pdf/relatorio.asp?L1=91617
2810C;91711;SUDESTE;SÄO PAULO;-22,6754365;-45,0007562;556,4976;553,38;-3,12;-3,24;0,12;http://www.bdg.ibge.gov.br/bdg/pdf/relatorio.asp?L1=91711
2875N;91839;SUDESTE;SÄO PAULO;-22,9381794;-48,3927779;877,4363;872,221;-5,22;-5,27;0,05;http://www.bdg.ibge.gov.br/bdg/pdf/relatorio.asp?L1=91839
2875R;91840;SUDESTE;SÄO PAULO;-22,9355632;-48,3593177;683,0428;677,74;-5,3;-5,31;0,01;http://www.bdg.ibge.gov.br/bdg/pdf/relatorio.asp?L1=91840
2914G;91844;SUDESTE;SÄO PAULO;-21,9392862;-48,801115;509,9552;503,276;-6,68;-6,63;-0,05;http://www.bdg.ibge.gov.br/bdg/pdf/relatorio.asp?L1=91844
2914R;91843;SUDESTE;SÄO PAULO;-21,8069298;-48,8385048;448,3992;441,615;-6,78;-6,67;-0,11;http://www.bdg.ibge.gov.br/bdg/pdf/relatorio.asp?L1=91843
2964J;93681;SUDESTE;SÄO PAULO;-21,1854098;-49,583083;485,7722;478,75;-7,02;-6,91;-0,11;http://www.bdg.ibge.gov.br/bdg/pdf/relatorio.asp?L1=93681
2965J;93682;SUDESTE;SÄO PAULO;-21,0313645;-49,6469204;469,6232;462,61;-7,01;-6,95;-0,06;http://www.bdg.ibge.gov.br/bdg/pdf/relatorio.asp?L1=93682
2988C;91615;SUDESTE;SÄO PAULO;-20,7846568;-49,3581848;527,7466;520,755;-6,99;-6,96;-0,03;http://www.bdg.ibge.gov.br/bdg/pdf/relatorio.asp?L1=91615
2988H;91668;SUDESTE;SÄO PAULO;-20,2613998;-47,3674521;1074,5587;1067,483;-7,08;-7,19;0,11;http://www.bdg.ibge.gov.br/bdg/pdf/relatorio.asp?L1=91668
2988Z;91689;SUDESTE;SÄO PAULO;-20,2417955;-47,3102734;685,248;678,009;-7,24;-7,34;0,1;http://www.bdg.ibge.gov.br/bdg/pdf/relatorio.asp?L1=91689
2989B;91690;SUDESTE;SÄO PAULO;-20,2445144;-47,2713686;710,3971;703,128;-7,27;-7,33;0,06;http://www.bdg.ibge.gov.br/bdg/pdf/relatorio.asp?L1=91690
2991T;91634;SUDESTE;SÄO PAULO;-23,2127667;-45,859698;624,3378;621,217;-3,12;-3,2;0,08;http://www.bdg.ibge.gov.br/bdg/pdf/relatorio.asp?L1=91634
2992B;91638;SUDESTE;SÄO PAULO;-23,2193792;-45,872147;619,1325;615,991;-3,14;-3,19;0,05;http://www.bdg.ibge.gov.br/bdg/pdf/relatorio.asp?L1=91638
2992C;91637;SUDESTE;SÄO PAULO;-23,225769;-45,8631306;628,0205;624,873;-3,15;-3,21;0,06;http://www.bdg.ibge.gov.br/bdg/pdf/relatorio.asp?L1=91637
2992D;91636;SUDESTE;SÄO PAULO;-23,234386;-45,8537701;646,2563;643,074;-3,18;-3,22;0,04;http://www.bdg.ibge.gov.br/bdg/pdf/relatorio.asp?L1=91636
2992E;91635;SUDESTE;SÄO PAULO;-23,2225809;-45,8654884;625,0867;621,952;-3,13;-3,2;0,07;http://www.bdg.ibge.gov.br/bdg/pdf/relatorio.asp?L1=91635
3007P;91612;SUDESTE;SÄO PAULO;-20,5819065;-47,3809555;1011,1194;1005,059;-6,06;-6,26;0,2;http://www.bdg.ibge.gov.br/bdg/pdf/relatorio.asp?L1=91612
3007T;91607;SUDESTE;SÄO PAULO;-23,5508467;-46,7315776;721,1014;718,14;-2,96;-3,05;0,09;http://www.bdg.ibge.gov.br/bdg/pdf/relatorio.asp?L1=91607
3018P;91608;SUDESTE;SÄO PAULO;-23,4114418;-45,593643;720,8007;717,506;-3,29;-3,44;0,15;http://www.bdg.ibge.gov.br/bdg/pdf/relatorio.asp?L1=91608
3018V;91725;SUDESTE;SÄO PAULO;-22,6799845;-44,9911428;572,9733;569,857;-3,12;-3,24;0,12;http://www.bdg.ibge.gov.br/bdg/pdf/relatorio.asp?L1=91725
3018X;91727;SUDESTE;SÄO PAULO;-22,6872269;-44,9851633;619,7134;616,598;-3,12;-3,24;0,12;http://www.bdg.ibge.gov.br/bdg/pdf/relatorio.asp?L1=91727
3018Z;91728;SUDESTE;SÄO PAULO;-22,6867011;-44,9847929;619,071;615,952;-3,12;-3,23;0,11;http://www.bdg.ibge.gov.br/bdg/pdf/relatorio.asp?L1=91728
3020B;91682;SUDESTE;SÄO PAULO;-22,6869607;-44,9842878;623,39;620,278;-3,11;-3,23;0,12;http://www.bdg.ibge.gov.br/bdg/pdf/relatorio.asp?L1=91682
3020D;91726;SUDESTE;SÄO PAULO;-22,6916829;-44,9908086;648,5318;645,408;-3,12;-3,24;0,12;http://www.bdg.ibge.gov.br/bdg/pdf/relatorio.asp?L1=91726
3020L;91685;SUDESTE;SÄO PAULO;-22,8047918;-48,4274363;750,9057;745,385;-5,52;-5,58;0,06;http://www.bdg.ibge.gov.br/bdg/pdf/relatorio.asp?L1=91685
3020M;91616;SUDESTE;SÄO PAULO;-21,7549189;-48,9927658;408,9119;402,351;-6,56;-6,64;0,08;http://www.bdg.ibge.gov.br/bdg/pdf/relatorio.asp?L1=91616
3020R;91613;SUDESTE;SÄO PAULO;-21,2351641;-48,2863848;612,8991;605,96;-6,94;-6,98;0,04;http://www.bdg.ibge.gov.br/bdg/pdf/relatorio.asp?L1=91613
3021N;91684;SUDESTE;SÄO PAULO;-24,4421562;-47,7829551;47,6534;44,257;-3,4;-3,4;0;http://www.bdg.ibge.gov.br/bdg/pdf/relatorio.asp?L1=91684
3023E;91683;SUDESTE;SÄO PAULO;-23,5293356;-48,0098634;750,7915;746,704;-4,09;-4,16;0,07;http://www.bdg.ibge.gov.br/bdg/pdf/relatorio.asp?L1=91683
3035R;91355;SUDESTE;SÄO PAULO;-20,2623761;-48,674872;465,0675;457,099;-7,97;-7,88;-0,09;http://www.bdg.ibge.gov.br/bdg/pdf/relatorio.asp?L1=91355
3038T;91787;SUDESTE;SÄO PAULO;-20,0356026;-48,2229336;497,5037;488,657;-8,85;-8,72;-0,13;http://www.bdg.ibge.gov.br/bdg/pdf/relatorio.asp?L1=91787
3041S;91845;SUDESTE;SÄO PAULO;-20,2719653;-47,4553697;1050,2653;1043,419;-6,85;-7,05;0,2;http://www.bdg.ibge.gov.br/bdg/pdf/relatorio.asp?L1=91845
3041U;91833;SUDESTE;SÄO PAULO;-20,2716257;-47,4545204;1051,8686;1044,923;-6,95;-7,05;0,1;http://www.bdg.ibge.gov.br/bdg/pdf/relatorio.asp?L1=91833
3056A;91554;SUDESTE;SÄO PAULO;-22,9044714;-50,0019012;392,0258;386,749;-5,28;-5,18;-0,1;http://www.bdg.ibge.gov.br/bdg/pdf/relatorio.asp?L1=91554
3092T;91716;SUDESTE;SÄO PAULO;-25,0202393;-47,9249685;7,9738;6,058;-1,92;-1,88;-0,04;http://www.bdg.ibge.gov.br/bdg/pdf/relatorio.asp?L1=91716
3108U;92578;SUDESTE;SÄO PAULO;-22,1281713;-51,4281761;434,1324;429,107;-5,03;-4,99;-0,04;http://www.bdg.ibge.gov.br/bdg/pdf/relatorio.asp?L1=92578
3111T;91550;SUDESTE;SÄO PAULO;-21,9505266;-50,9414528;326,5143;320,436;-6,08;-5,87;-0,21;http://www.bdg.ibge.gov.br/bdg/pdf/relatorio.asp?L1=91550
3112M;96157;SUDESTE;SÄO PAULO;-21,7916176;-50,7968389;490,1175;483,797;-6,32;-6,17;-0,15;http://www.bdg.ibge.gov.br/bdg/pdf/relatorio.asp?L1=96157
3113A;91584;SUDESTE;SÄO PAULO;-21,7134889;-50,7275925;440,0737;433,609;-6,46;-6,29;-0,17;http://www.bdg.ibge.gov.br/bdg/pdf/relatorio.asp?L1=91584
3113T;91719;SUDESTE;SÄO PAULO;-21,5963944;-50,6014286;426,8598;420,202;-6,66;-6,48;-0,18;http://www.bdg.ibge.gov.br/bdg/pdf/relatorio.asp?L1=91719
3114D;91971;SUDESTE;SÄO PAULO;-21,5250232;-50,5516378;446,0492;439,377;-6,67;-6,57;-0,1;http://www.bdg.ibge.gov.br/bdg/pdf/relatorio.asp?L1=91971
3114S;91972;SUDESTE;SÄO PAULO;-21,3975656;-50,4833494;461,1102;454,225;-6,89;-6,73;-0,16;http://www.bdg.ibge.gov.br/bdg/pdf/relatorio.asp?L1=91972
3115F;91973;SUDESTE;SÄO PAULO;-21,3387062;-50,3999974;476,1048;469,095;-7,01;-6,8;-0,21;http://www.bdg.ibge.gov.br/bdg/pdf/relatorio.asp?L1=91973
3115T;91974;SUDESTE;SÄO PAULO;-21,2203796;-50,302928;404,3274;397,077;-7,25;-7;-0,25;http://www.bdg.ibge.gov.br/bdg/pdf/relatorio.asp?L1=91974
3116H;91975;SUDESTE;SÄO PAULO;-21,0569952;-50,200953;383,2946;375,857;-7,44;-7,25;-0,19;http://www.bdg.ibge.gov.br/bdg/pdf/relatorio.asp?L1=91975
3124A;91507;SUDESTE;SÄO PAULO;-23,2134842;-45,8605913;625,6337;622,527;-3,11;-3,2;0,09;http://www.bdg.ibge.gov.br/bdg/pdf/relatorio.asp?L1=91507
3124B;96110;SUDESTE;SÄO PAULO;-23,2134535;-45,8608179;624,2305;621,025;-3,21;-3,2;-0,01;http://www.bdg.ibge.gov.br/bdg/pdf/relatorio.asp?L1=96110
3125R;96158;SUDESTE;SÄO PAULO;-21,8583693;-50,6893384;499,4072;493,155;-6,25;-6,12;-0,13;http://www.bdg.ibge.gov.br/bdg/pdf/relatorio.asp?L1=96158
3307V;91610;SUDESTE;SÄO PAULO;-21,6251631;-47,0180133;585,1585;580,026;-5,13;-5,18;0,05;http://www.bdg.ibge.gov.br/bdg/pdf/relatorio.asp?L1=91610
3322T;92856;SUDESTE;SÄO PAULO;-21,4375693;-47,0096851;618,8147;613,738;-5,08;-5,09;0,01;http://www.bdg.ibge.gov.br/bdg/pdf/relatorio.asp?L1=92856
4037Z;93901;SUDESTE;SÄO PAULO;-21,2410525;-48,2866494;575,2342;568,268;-6,97;-6,98;0,01;http://www.bdg.ibge.gov.br/bdg/pdf/relatorio.asp?L1=93901
4038N;91351;SUDESTE;SÄO PAULO;-21,0858124;-48,4033954;603,2083;596,282;-6,93;-7,02;0,09;http://www.bdg.ibge.gov.br/bdg/pdf/relatorio.asp?L1=91351
4039B;91352;SUDESTE;SÄO PAULO;-20,9328399;-48,4721842;565,1234;558,083;-7,04;-7,14;0,1;http://www.bdg.ibge.gov.br/bdg/pdf/relatorio.asp?L1=91352
4039S;91353;SUDESTE;SÄO PAULO;-20,7212416;-48,5363156;588,2276;580,891;-7,34;-7,37;0,03;http://www.bdg.ibge.gov.br/bdg/pdf/relatorio.asp?L1=91353
4040F;91879;SUDESTE;SÄO PAULO;-20,5831466;-48,5974632;576,5349;568,857;-7,68;-7,63;-0,05;http://www.bdg.ibge.gov.br/bdg/pdf/relatorio.asp?L1=91879
9501C;90764;SUDESTE;SÄO PAULO;-23,5665728;-46,7325846;790,742;787,773;-2,97;-3,05;0,08;http://www.bdg.ibge.gov.br/bdg/pdf/relatorio.asp?L1=90764
9502B;91785;SUDESTE;SÄO PAULO;-20,0210633;-47,4357342;561,4362;553,153;-8,28;-8,11;-0,17;http://www.bdg.ibge.gov.br/bdg/pdf/relatorio.asp?L1=91785
1581T;96149;SUL;PARANÊÅ;-23,7893704;-53,0603096;470,8619;471,05;0,19;0,15;0,04;http://www.bdg.ibge.gov.br/bdg/pdf/relatorio.asp?L1=96149
1587X;93999;SUL;PARANÊÅ;-23,2464698;-50,7269278;400,1126;396,114;-4;-3,88;-0,12;http://www.bdg.ibge.gov.br/bdg/pdf/relatorio.asp?L1=93999
1594D;96148;SUL;PARANÊÅ;-23,7223914;-52,180014;374,9377;373,219;-1,72;-1,67;-0,05;http://www.bdg.ibge.gov.br/bdg/pdf/relatorio.asp?L1=96148
1597H;93961;SUL;PARANÊÅ;-24,0153659;-51,0917001;1011,8736;1011,977;0,1;-0,15;0,25;http://www.bdg.ibge.gov.br/bdg/pdf/relatorio.asp?L1=93961
1720M;96151;SUL;PARANÊÅ;-24,3755293;-53,8350235;381,88;384,635;2,76;2,85;-0,1;http://www.bdg.ibge.gov.br/bdg/pdf/relatorio.asp?L1=96151
1726F;96153;SUL;PARANÊÅ;-25,7498442;-53,0535789;511,4725;514,3;2,83;2,89;-0,06;http://www.bdg.ibge.gov.br/bdg/pdf/relatorio.asp?L1=96153
1728D;96154;SUL;PARANÊÅ;-26,2665338;-52,7826059;689,6361;694,388;4,75;4,6;0,15;http://www.bdg.ibge.gov.br/bdg/pdf/relatorio.asp?L1=96154
1731M;96152;SUL;PARANÊÅ;-25,1499081;-53,843908;672,7305;676,829;4,1;4,05;0,05;http://www.bdg.ibge.gov.br/bdg/pdf/relatorio.asp?L1=96152
1735D;96155;SUL;PARANÊÅ;-25,4258255;-52,0179864;770,0963;773,504;3,41;3,27;0,14;http://www.bdg.ibge.gov.br/bdg/pdf/relatorio.asp?L1=96155
1741B;96156;SUL;PARANÊÅ;-25,6969978;-51,6599773;1051,9362;1056,85;4,91;4,7;0,21;http://www.bdg.ibge.gov.br/bdg/pdf/relatorio.asp?L1=96156
1743H;91743;SUL;PARANÊÅ;-24,7530239;-51,7761673;893,0858;894,896;1,81;1,72;0,09;http://www.bdg.ibge.gov.br/bdg/pdf/relatorio.asp?L1=91743
2018P;92700;SUL;PARANÊÅ;-24,724937;-49,98637;1037,5545;1041,746;4,19;3,9;0,29;http://www.bdg.ibge.gov.br/bdg/pdf/relatorio.asp?L1=92700
2021V;96147;SUL;PARANÊÅ;-24,5665493;-51,3375284;536,6371;537,333;0,7;0,83;-0,13;http://www.bdg.ibge.gov.br/bdg/pdf/relatorio.asp?L1=96147
2028D;94050;SUL;PARANÊÅ;-23,8749019;-53,8909314;377,8352;379,521;1,69;1,86;-0,17;http://www.bdg.ibge.gov.br/bdg/pdf/relatorio.asp?L1=94050
2985A;91582;SUL;PARANÊÅ;-25,5791022;-54,5591294;179,8058;185,023;5,22;5,24;-0,02;http://www.bdg.ibge.gov.br/bdg/pdf/relatorio.asp?L1=91582
3105U;91795;SUL;PARANÊÅ;-22,6963865;-51,7919334;379,365;375,726;-3,64;-3,41;-0,23;http://www.bdg.ibge.gov.br/bdg/pdf/relatorio.asp?L1=91795
3279F;91105;SUL;PARANÊÅ;-25,4483686;-49,2309548;921,8421;925,765;3,92;3,66;0,26;http://www.bdg.ibge.gov.br/bdg/pdf/relatorio.asp?L1=91105
3279N;91123;SUL;PARANÊÅ;-25,452259;-49,235936;909,697;913,689;3,99;3,67;0,32;http://www.bdg.ibge.gov.br/bdg/pdf/relatorio.asp?L1=91123
3279R;91124;SUL;PARANÊÅ;-25,454087;-49,236771;907,1962;911,184;3,99;3,67;0,32;http://www.bdg.ibge.gov.br/bdg/pdf/relatorio.asp?L1=91124
3279U;91103;SUL;PARANÊÅ;-25,4555288;-49,2374304;907,1886;911,134;3,95;3,67;0,28;http://www.bdg.ibge.gov.br/bdg/pdf/relatorio.asp?L1=91103
1413L;93972;SUL;RIO GRANDE DO SUL;-28,056344;-51,12976;914,1311;921,153;7,02;6,76;0,26;http://www.bdg.ibge.gov.br/bdg/pdf/relatorio.asp?L1=93972
1780U;94047;SUL;RIO GRANDE DO SUL;-29,7781008;-50,1743609;16,4655;19,768;3,3;3,24;0,06;http://www.bdg.ibge.gov.br/bdg/pdf/relatorio.asp?L1=94047
1790D;94039;SUL;RIO GRANDE DO SUL;-30,1565119;-52,1174593;61,3373;68,332;6,99;6,97;0,02;http://www.bdg.ibge.gov.br/bdg/pdf/relatorio.asp?L1=94039
1791C;94044;SUL;RIO GRANDE DO SUL;-29,7002478;-52,8594946;126,6082;134,924;8,32;8,22;0,1;http://www.bdg.ibge.gov.br/bdg/pdf/relatorio.asp?L1=94044
1792H;91947;SUL;RIO GRANDE DO SUL;-29,7108457;-53,7168047;85,6995;95,244;9,54;9,46;0,08;http://www.bdg.ibge.gov.br/bdg/pdf/relatorio.asp?L1=91947
1792L;91946;SUL;RIO GRANDE DO SUL;-29,6953655;-53,7750871;115,6781;125,282;9,6;9,56;0,04;http://www.bdg.ibge.gov.br/bdg/pdf/relatorio.asp?L1=91946
1795M;94040;SUL;RIO GRANDE DO SUL;-30,2422288;-52,7474274;51,2498;60,073;8,82;8,82;0;http://www.bdg.ibge.gov.br/bdg/pdf/relatorio.asp?L1=94040
1907L;93976;SUL;RIO GRANDE DO SUL;-29,172031;-52,205892;499,1238;506,793;7,67;7,44;0,23;http://www.bdg.ibge.gov.br/bdg/pdf/relatorio.asp?L1=93976
1916J;93816;SUL;RIO GRANDE DO SUL;-28,3783195;-54,2837667;265,5297;274,147;8,62;8,65;-0,03;http://www.bdg.ibge.gov.br/bdg/pdf/relatorio.asp?L1=93816
1919R;93975;SUL;RIO GRANDE DO SUL;-28,6356413;-53,6138781;471,011;480,033;9,02;8,91;0,11;http://www.bdg.ibge.gov.br/bdg/pdf/relatorio.asp?L1=93975
1930H;91945;SUL;RIO GRANDE DO SUL;-29,6663734;-54,6727409;119,6918;130,043;10,35;10,31;0,04;http://www.bdg.ibge.gov.br/bdg/pdf/relatorio.asp?L1=91945
1937B;91943;SUL;RIO GRANDE DO SUL;-30,2415909;-54,9508784;139,3864;151,443;12,06;11,96;0,1;http://www.bdg.ibge.gov.br/bdg/pdf/relatorio.asp?L1=91943
1938J;91936;SUL;RIO GRANDE DO SUL;-29,8343847;-55,6858042;130,2493;142,374;12,12;12,1;0,02;http://www.bdg.ibge.gov.br/bdg/pdf/relatorio.asp?L1=91936
1941N;91938;SUL;RIO GRANDE DO SUL;-30,858244;-55,502014;199,4816;213,377;13,9;13,68;0,22;http://www.bdg.ibge.gov.br/bdg/pdf/relatorio.asp?L1=91938
1943J;91940;SUL;RIO GRANDE DO SUL;-30,1779068;-56,0547411;226,7287;239,913;13,18;13,1;0,08;http://www.bdg.ibge.gov.br/bdg/pdf/relatorio.asp?L1=91940
1946V;91939;SUL;RIO GRANDE DO SUL;-30,3812448;-56,397078;148,9098;162,573;13,66;13,58;0,08;http://www.bdg.ibge.gov.br/bdg/pdf/relatorio.asp?L1=91939
1951R;94043;SUL;RIO GRANDE DO SUL;-30,943873;-54,109751;312,626;325,674;13,05;12,87;0,18;http://www.bdg.ibge.gov.br/bdg/pdf/relatorio.asp?L1=94043
1965U;94038;SUL;RIO GRANDE DO SUL;-31,3907267;-52,6774992;418,6723;429,187;10,51;10,39;0,12;http://www.bdg.ibge.gov.br/bdg/pdf/relatorio.asp?L1=94038
1966Z;94042;SUL;RIO GRANDE DO SUL;-31,6957181;-52,4239901;31,8193;41,275;9,46;9,27;0,19;http://www.bdg.ibge.gov.br/bdg/pdf/relatorio.asp?L1=94042
1977L;91950;SUL;RIO GRANDE DO SUL;-32,249116;-53,553677;136,5277;148,494;11,97;11,73;0,24;http://www.bdg.ibge.gov.br/bdg/pdf/relatorio.asp?L1=91950
3093H;91850;SUL;RIO GRANDE DO SUL;-30,074042;-51,119765;72,1478;76,745;4,6;5,01;-0,41;http://www.bdg.ibge.gov.br/bdg/pdf/relatorio.asp?L1=91850
3093J;91899;SUL;RIO GRANDE DO SUL;-30,0731809;-51,1197747;73,5415;78,721;5,18;5;0,18;http://www.bdg.ibge.gov.br/bdg/pdf/relatorio.asp?L1=91899
1401R;94030;SUL;SANTA CATARINA;-27,0604718;-49,4120238;93,3357;95,734;2,4;2,34;0,06;http://www.bdg.ibge.gov.br/bdg/pdf/relatorio.asp?L1=94030
1433D;93978;SUL;SANTA CATARINA;-27,0723973;-52,6266937;676,5868;682,693;6,11;5,97;0,14;http://www.bdg.ibge.gov.br/bdg/pdf/relatorio.asp?L1=93978
1710F;93981;SUL;SANTA CATARINA;-26,5000536;-53,5060341;758,6187;763,657;5,04;4,92;0,12;http://www.bdg.ibge.gov.br/bdg/pdf/relatorio.asp?L1=93981
1750Z;93982;SUL;SANTA CATARINA;-26,724955;-51,632252;1252,12;1259,758;7,64;7,33;0,31;http://www.bdg.ibge.gov.br/bdg/pdf/relatorio.asp?L1=93982
1778L;96166;SUL;SANTA CATARINA;-28,8213621;-49,3993709;19,7737;21,239;1,47;1,23;0,24;http://www.bdg.ibge.gov.br/bdg/pdf/relatorio.asp?L1=96166
1779B;94032;SUL;SANTA CATARINA;-29,0791983;-49,6292029;15,158;17,003;1,85;1,64;0,21;http://www.bdg.ibge.gov.br/bdg/pdf/relatorio.asp?L1=94032
2006J;96168;SUL;SANTA CATARINA;-27,492642;-48,5038314;3,254;3,768;0,51;0,44;0,07;http://www.bdg.ibge.gov.br/bdg/pdf/relatorio.asp?L1=96168
2011U;94028;SUL;SANTA CATARINA;-26,313999;-49,909934;947,9771;952,02;4,04;3,82;0,22;http://www.bdg.ibge.gov.br/bdg/pdf/relatorio.asp?L1=94028
2011X;93983;SUL;SANTA CATARINA;-26,27023;-49,919078;845,7919;849,828;4,04;3,84;0,2;http://www.bdg.ibge.gov.br/bdg/pdf/relatorio.asp?L1=93983
2014D;93984;SUL;SANTA CATARINA;-26,913299;-50,444574;1093,8811;1099,482;5,6;5,35;0,25;http://www.bdg.ibge.gov.br/bdg/pdf/relatorio.asp?L1=93984
2059L;94034;SUL;SANTA CATARINA;-27,9561268;-50,4844354;975,8185;982,288;6,47;6,2;0,27;http://www.bdg.ibge.gov.br/bdg/pdf/relatorio.asp?L1=94034
2061N;94033;SUL;SANTA CATARINA;-27,822888;-49,57;868,6589;873,267;4,61;4,28;0,33;http://www.bdg.ibge.gov.br/bdg/pdf/relatorio.asp?L1=94033
2062U;94031;SUL;SANTA CATARINA;-27,659944;-49,125633;802,3147;805,34;3,03;2,76;0,27;http://www.bdg.ibge.gov.br/bdg/pdf/relatorio.asp?L1=94031
2064P;94027;SUL;SANTA CATARINA;-26,176649;-49,007653;174,2462;176,614;2,37;2,14;0,23;http://www.bdg.ibge.gov.br/bdg/pdf/relatorio.asp?L1=94027
3012E;96169;SUL;SANTA CATARINA;-26,7819468;-48,6685682;8,4487;8,563;0,11;-0,08;0,19;http://www.bdg.ibge.gov.br/bdg/pdf/relatorio.asp?L1=96169
3012U;91662;SUL;SANTA CATARINA;-28,2300649;-48,6543281;6,0835;7,402;1,32;1,25;0,07;http://www.bdg.ibge.gov.br/bdg/pdf/relatorio.asp?L1=91662
3087J;91854;SUL;SANTA CATARINA;-28,2366133;-48,6560785;10,55;11,85;1,3;1,25;0,05;http://www.bdg.ibge.gov.br/bdg/pdf/relatorio.asp?L1=91854
9302T;91558;SUL;SANTA CATARINA;-28,2380556;-48,6594444;11,3156;12,639;1,32;1,25;0,07;http://www.bdg.ibge.gov.br/bdg/pdf/relatorio.asp?L1=91558
